,LotArea,OverallQual,OverallCond,YearBuilt,YearRemodAdd,GrLivArea,FullBath,BedroomAbvGr,KitchenAbvGr,GarageArea,YrSold,LotShape,LotConfig,SalePrice
0,8450,7,5,2003,2003,1710,2,3,1,548,2008,Reg,Inside,208500
1,9600,6,8,1976,1976,1262,2,3,1,460,2007,Reg,FR2,181500
2,11250,7,5,2001,2002,1786,2,3,1,608,2008,IR1,Inside,223500
3,9550,7,5,1915,1970,1717,1,3,1,642,2006,IR1,Corner,140000
4,14260,8,5,2000,2000,2198,2,4,1,836,2008,IR1,FR2,250000
5,14115,5,5,1993,1995,1362,1,1,1,480,2009,IR1,Inside,143000
6,10084,8,5,2004,2005,1694,2,3,1,636,2007,Reg,Inside,307000
7,10382,7,6,1973,1973,2090,2,3,1,484,2009,IR1,Corner,200000
8,6120,7,5,1931,1950,1774,2,2,2,468,2008,Reg,Inside,129900
9,7420,5,6,1939,1950,1077,1,2,2,205,2008,Reg,Corner,118000
10,11200,5,5,1965,1965,1040,1,3,1,384,2008,Reg,Inside,129500
11,11924,9,5,2005,2006,2324,3,4,1,736,2006,IR1,Inside,345000
12,12968,5,6,1962,1962,912,1,2,1,352,2008,IR2,Inside,144000
13,10652,7,5,2006,2007,1494,2,3,1,840,2007,IR1,Inside,279500
14,10920,6,5,1960,1960,1253,1,2,1,352,2008,IR1,Corner,157000
15,6120,7,8,1929,2001,854,1,2,1,576,2007,Reg,Corner,132000
16,11241,6,7,1970,1970,1004,1,2,1,480,2010,IR1,CulDSac,149000
17,10791,4,5,1967,1967,1296,2,2,2,516,2006,Reg,Inside,90000
18,13695,5,5,2004,2004,1114,1,3,1,576,2008,Reg,Inside,159000
19,7560,5,6,1958,1965,1339,1,3,1,294,2009,Reg,Inside,139000
20,14215,8,5,2005,2006,2376,3,4,1,853,2006,IR1,Corner,325300
21,7449,7,7,1930,1950,1108,1,3,1,280,2007,Reg,Inside,139400
22,9742,8,5,2002,2002,1795,2,3,1,534,2008,Reg,Inside,230000
23,4224,5,7,1976,1976,1060,1,3,1,572,2007,Reg,Inside,129900
24,8246,5,8,1968,2001,1060,1,3,1,270,2010,IR1,Inside,154000
25,14230,8,5,2007,2007,1600,2,3,1,890,2009,Reg,Corner,256300
26,7200,5,7,1951,2000,900,1,3,1,576,2010,Reg,Corner,134800
27,11478,8,5,2007,2008,1704,2,3,1,772,2010,Reg,Inside,306000
28,16321,5,6,1957,1997,1600,1,2,1,319,2006,IR1,CulDSac,207500
29,6324,4,6,1927,1950,520,1,1,1,240,2008,IR1,Inside,68500
30,8500,4,4,1920,1950,1317,1,3,1,250,2008,Reg,Inside,40000
31,8544,5,6,1966,2006,1228,1,3,1,271,2008,IR1,CulDSac,149350
32,11049,8,5,2007,2007,1234,2,3,1,484,2008,Reg,Corner,179900
33,10552,5,5,1959,1959,1700,1,4,1,447,2010,IR1,Inside,165500
34,7313,9,5,2005,2005,1561,2,2,1,556,2007,Reg,Inside,277500
35,13418,8,5,2004,2005,2452,3,4,1,691,2006,Reg,Inside,309000
36,10859,5,5,1994,1995,1097,1,3,1,672,2009,Reg,Corner,145000
37,8532,5,6,1954,1990,1297,1,3,1,498,2009,Reg,Inside,153000
38,7922,5,7,1953,2007,1057,1,3,1,246,2010,Reg,Inside,109000
39,6040,4,5,1955,1955,1152,2,2,2,0,2008,Reg,Inside,82000
40,8658,6,5,1965,1965,1324,2,3,1,440,2006,Reg,Inside,160000
41,16905,5,6,1959,1959,1328,1,2,1,308,2007,Reg,Inside,170000
42,9180,5,7,1983,1983,884,1,2,1,504,2007,IR1,CulDSac,144000
43,9200,5,6,1975,1980,938,1,3,1,308,2008,IR1,CulDSac,130250
44,7945,5,6,1959,1959,1150,1,3,1,300,2006,Reg,Inside,141000
45,7658,9,5,2005,2005,1752,2,2,1,576,2010,Reg,Inside,319900
46,12822,7,5,2003,2003,2149,1,1,1,670,2009,IR1,CulDSac,239686
47,11096,8,5,2006,2006,1656,2,3,1,826,2007,Reg,Inside,249700
48,4456,4,5,1920,2008,1452,2,2,3,0,2009,Reg,Inside,113000
49,7742,5,7,1966,1966,955,1,3,1,386,2007,Reg,Inside,127000
50,13869,6,6,1997,1997,1470,2,3,1,388,2007,IR2,Corner,177000
51,6240,6,6,1934,1950,1176,1,3,1,528,2006,Reg,Inside,114500
52,8472,5,5,1963,1963,816,1,2,1,516,2010,IR2,Corner,110000
53,50271,9,5,1981,1987,1842,0,0,1,894,2006,IR1,Inside,385000
54,7134,5,5,1955,1955,1360,1,3,1,572,2007,Reg,Inside,130000
55,10175,6,5,1964,1964,1425,2,3,1,576,2008,IR1,Inside,180500
56,2645,8,5,1999,2000,1739,2,3,1,480,2009,Reg,Inside,172500
57,11645,7,5,2004,2004,1720,2,3,1,565,2006,IR1,Corner,196500
58,13682,10,5,2006,2006,2945,3,3,1,641,2006,IR2,CulDSac,438780
59,7200,5,7,1972,1972,780,1,2,1,352,2008,Reg,Inside,124900
60,13072,6,5,2004,2004,1158,1,3,1,576,2006,Reg,Inside,158000
61,7200,5,7,1920,1996,1111,1,3,1,288,2007,Reg,Inside,101000
62,6442,8,5,2006,2006,1370,2,2,1,484,2007,IR1,Inside,202500
63,10300,7,6,1921,1950,1710,2,3,1,480,2010,IR1,Inside,140000
64,9375,7,5,1997,1998,2034,2,3,1,645,2009,Reg,Inside,219500
65,9591,8,5,2004,2005,2473,2,4,1,852,2007,Reg,Inside,317000
66,19900,7,5,1970,1989,2207,2,3,1,576,2010,Reg,Inside,180000
67,10665,7,5,2003,2003,1479,2,3,1,558,2007,IR1,Inside,226000
68,4608,4,6,1945,1950,747,1,2,1,220,2010,Reg,Corner,80000
69,15593,7,4,1953,1953,2287,2,3,1,667,2006,Reg,Corner,225000
70,13651,7,6,1973,1973,2223,2,3,1,516,2007,IR1,Inside,244000
71,7599,4,6,1982,2006,845,1,2,1,360,2007,Reg,Corner,129500
72,10141,7,5,1998,1998,1718,2,3,1,427,2009,IR1,Corner,185000
73,10200,5,7,1954,2003,1086,1,3,1,490,2010,Reg,Inside,144900
74,5790,3,6,1915,1950,1605,2,3,2,379,2010,Reg,Corner,107400
75,1596,4,5,1973,1973,988,1,2,1,297,2009,Reg,Inside,91000
76,8475,4,7,1956,1956,952,1,2,1,283,2008,IR1,Inside,135750
77,8635,5,5,1948,2001,1285,1,2,1,240,2008,Reg,Inside,127000
78,10778,4,5,1968,1968,1768,2,4,2,0,2010,Reg,Inside,136500
79,10440,5,6,1910,1981,1230,1,2,1,440,2009,Reg,Corner,110000
80,13000,6,6,1968,1968,2142,2,4,1,509,2009,Reg,Corner,193500
81,4500,6,5,1998,1998,1337,2,2,1,405,2006,Reg,FR2,153500
82,10206,8,5,2007,2007,1563,2,3,1,758,2008,Reg,Inside,245000
83,8892,5,5,1960,1960,1065,1,3,1,461,2007,IR1,Inside,126500
84,8530,7,5,1995,1996,1474,2,3,1,400,2009,IR1,Inside,168500
85,16059,8,5,1991,1992,2417,2,4,1,462,2006,Reg,Corner,260000
86,11911,6,5,2005,2005,1560,2,3,1,400,2009,IR2,Inside,174000
87,3951,6,5,2009,2009,1224,2,2,1,528,2009,Reg,Corner,164500
88,8470,3,2,1915,1982,1526,1,2,1,0,2009,IR1,Corner,85000
89,8070,4,5,1994,1995,990,1,3,1,0,2007,Reg,Inside,123600
90,7200,4,5,1950,1950,1040,1,2,1,420,2006,Reg,Inside,109900
91,8500,5,3,1961,1961,1235,1,2,1,480,2006,Reg,Inside,98600
92,13360,5,7,1921,2006,964,1,2,1,432,2009,IR1,Inside,163500
93,7200,6,6,1910,1998,2291,2,4,2,506,2007,Reg,Corner,133900
94,9337,6,5,1997,1997,1786,2,3,1,684,2007,IR1,Inside,204750
95,9765,6,8,1993,1993,1470,2,3,1,420,2009,IR2,Corner,185000
96,10264,7,5,1999,1999,1588,2,3,1,472,2006,IR1,Inside,214000
97,10921,4,5,1965,1965,960,1,3,1,432,2007,Reg,Inside,94750
98,10625,5,5,1920,1950,835,1,2,1,366,2010,Reg,Corner,83000
99,9320,4,5,1959,1959,1225,1,3,1,0,2010,IR1,Inside,128950
100,10603,6,7,1977,2001,1610,2,3,1,480,2010,IR1,Inside,205000
101,9206,6,5,1985,1985,1732,2,3,1,476,2010,Reg,Inside,178000
102,7018,5,5,1979,1979,1535,2,4,2,410,2009,Reg,Inside,118964
103,10402,7,5,2009,2009,1226,2,3,1,740,2010,IR1,Corner,198900
104,7758,7,4,1931,1950,1818,1,4,1,240,2007,Reg,Corner,169500
105,9375,8,5,2003,2004,1992,2,3,1,648,2008,Reg,Inside,250000
106,10800,4,7,1885,1995,1047,1,2,1,273,2007,Reg,Inside,100000
107,6000,5,5,1948,1950,789,1,2,1,250,2008,Reg,Inside,115000
108,8500,5,7,1919,2005,1517,2,3,1,0,2007,Reg,Corner,115000
109,11751,6,6,1977,1977,1844,2,3,1,546,2010,IR1,Inside,190000
110,9525,6,4,1954,1972,1855,2,4,1,325,2006,Reg,Inside,136900
111,7750,7,5,2000,2000,1430,2,3,1,400,2010,IR1,Inside,180000
112,9965,7,5,2007,2007,2696,2,4,1,792,2007,Reg,Inside,383970
113,21000,6,5,1953,1953,2259,2,3,1,450,2007,Reg,Corner,217000
114,7259,6,8,1945,2002,2320,2,3,1,180,2007,IR1,Inside,259500
115,3230,6,5,1999,1999,1458,2,2,1,440,2007,Reg,Corner,176000
116,11616,5,5,1962,1962,1092,1,3,1,288,2009,Reg,Inside,139000
117,8536,5,5,2006,2007,1125,1,2,1,430,2007,Reg,Corner,155000
118,12376,7,5,1990,1990,3222,3,5,1,594,2010,Reg,Corner,320000
119,8461,6,5,2005,2006,1456,2,3,1,390,2006,Reg,Inside,163990
120,21453,6,5,1969,1969,988,1,1,1,540,2006,IR1,CulDSac,180000
121,6060,4,5,1939,1950,1123,1,3,1,264,2007,Reg,Inside,100000
122,9464,6,7,1958,1958,1080,1,3,1,288,2008,Reg,Corner,136000
123,7892,6,5,1993,1993,1199,2,2,1,530,2008,Reg,Inside,153900
124,17043,6,5,1979,1998,1586,2,3,1,435,2009,IR1,CulDSac,181000
125,6780,6,8,1935,1982,754,1,2,1,0,2006,Reg,Inside,84500
126,4928,6,5,1976,1976,958,2,2,1,440,2007,IR1,Inside,128000
127,4388,5,7,1930,1950,840,1,3,1,0,2007,IR1,Inside,87000
128,7590,6,5,1966,1966,1348,1,3,1,453,2006,Reg,Inside,155000
129,8973,5,7,1958,1991,1053,1,3,1,750,2006,Reg,Inside,150000
130,14200,7,6,1966,1966,2157,2,4,1,487,2006,Reg,Corner,226000
131,12224,6,5,2000,2000,2054,2,3,1,390,2009,IR1,Corner,244000
132,7388,5,6,1959,2002,1327,1,3,1,624,2007,Reg,Corner,150750
133,6853,8,5,2001,2002,1296,2,2,1,471,2009,IR1,Inside,220000
134,10335,5,6,1968,1993,1721,2,3,1,440,2006,IR1,Inside,180000
135,10400,7,6,1970,1970,1682,2,3,1,530,2008,Reg,Inside,174000
136,10355,5,5,1967,1967,1214,2,3,1,318,2007,IR1,Corner,143000
137,11070,7,5,1988,1989,1959,3,5,2,766,2006,Reg,Inside,171000
138,9066,8,5,1999,2000,1852,2,3,1,660,2008,IR1,Inside,230000
139,15426,6,5,1997,1997,1764,2,3,1,470,2009,IR1,Inside,231500
140,10500,4,5,1971,1971,864,1,3,1,0,2010,Reg,FR2,115000
141,11645,7,5,2005,2005,1734,2,3,1,660,2006,Reg,Inside,260000
142,8520,5,4,1952,1952,1385,2,4,1,720,2010,Reg,Corner,166000
143,10335,7,5,1999,1999,1501,2,3,1,577,2009,IR1,Inside,204000
144,9100,5,5,1963,1963,1728,2,6,2,504,2006,Reg,Inside,125000
145,2522,6,5,2004,2006,1709,2,3,1,380,2006,Reg,Inside,130000
146,6120,5,7,1931,1993,875,1,2,1,180,2009,Reg,Corner,105000
147,9505,7,5,2001,2001,2035,2,3,1,434,2010,IR1,CulDSac,222500
148,7500,7,5,2004,2005,1080,1,3,1,0,2008,Reg,Inside,141000
149,6240,5,4,1936,1950,1344,1,3,1,240,2006,Reg,Inside,115000
150,10356,5,6,1975,1975,969,1,3,1,440,2007,Reg,Corner,122000
151,13891,8,5,2007,2008,1710,2,2,1,866,2008,Reg,Inside,372402
152,14803,6,5,1971,1971,1993,2,4,1,495,2006,IR1,CulDSac,190000
153,13500,6,7,1960,1975,1252,1,1,1,564,2008,Reg,Inside,235000
154,11340,6,5,1923,1950,1200,1,4,1,312,2006,Reg,Corner,125000
155,9600,6,5,1924,1950,1096,1,2,1,0,2008,Reg,Corner,79000
156,7200,5,7,1950,1950,1040,1,2,1,625,2006,Reg,Inside,109500
157,12003,8,5,2009,2010,1968,2,4,1,680,2010,Reg,Corner,269500
158,12552,7,5,2004,2005,1947,2,3,1,678,2010,Reg,Corner,254900
159,19378,7,5,2005,2006,2462,2,4,1,576,2006,IR1,Corner,320000
160,11120,6,6,1984,1984,1232,2,3,1,516,2008,IR1,CulDSac,162500
161,13688,9,5,2003,2004,2668,2,3,1,726,2008,IR1,Inside,412500
162,12182,7,5,2005,2005,1541,2,3,1,532,2010,Reg,Corner,220000
163,5500,4,6,1956,1956,882,1,1,1,0,2007,Reg,Inside,103200
164,5400,6,7,1926,2004,1616,2,3,1,216,2007,Reg,Corner,152000
165,10106,5,7,1940,1999,1355,2,4,2,0,2008,Reg,Inside,127500
166,10708,5,5,1955,1993,1867,1,2,1,303,2009,IR1,Inside,190000
167,10562,8,5,2007,2007,2161,1,3,1,789,2007,Reg,Inside,325624
168,8244,7,5,2004,2004,1720,2,3,1,440,2007,IR1,Inside,183500
169,16669,8,6,1981,1981,1707,2,2,1,511,2006,IR1,Corner,228000
170,12358,5,6,1941,1950,1382,1,2,1,660,2007,IR1,Inside,128500
171,31770,6,5,1960,1960,1656,1,3,1,528,2010,IR1,Corner,215000
172,5306,7,7,1987,1987,1767,2,2,1,504,2006,IR1,Inside,239000
173,10197,6,5,1961,1961,1362,1,3,1,504,2008,IR1,Inside,163000
174,12416,6,5,1986,1986,1651,2,3,1,616,2008,IR1,Inside,184000
175,12615,6,7,1950,2001,2158,2,4,1,576,2007,Reg,Corner,243000
176,10029,6,5,1988,1989,2060,2,4,1,521,2007,IR1,Corner,211000
177,13650,5,5,1958,1958,1920,2,4,1,451,2006,Reg,Inside,172500
178,17423,9,5,2008,2009,2234,2,1,1,1166,2009,IR1,CulDSac,501837
179,8520,5,6,1923,2006,968,1,2,1,480,2007,Reg,Inside,100000
180,2117,6,5,2000,2000,1525,2,3,1,440,2007,Reg,Inside,177000
181,7588,7,6,1920,1950,1802,1,4,1,216,2006,Reg,Inside,200100
182,9060,5,6,1957,2006,1340,1,3,1,252,2007,Reg,Inside,120000
183,11426,7,5,2003,2003,2082,2,3,1,484,2008,Reg,Inside,200000
184,7438,5,8,1908,1991,1252,1,3,1,576,2006,IR1,Inside,127000
185,22950,10,9,1892,1993,3608,2,4,1,840,2006,IR2,Inside,475000
186,9947,7,5,1990,1991,1217,2,3,1,497,2009,IR1,CulDSac,173000
187,10410,5,7,1916,1987,1656,2,3,1,180,2009,Reg,Inside,135000
188,7018,5,5,1979,1979,1224,0,2,2,528,2009,Reg,Inside,153337
189,4923,8,5,2001,2002,1593,1,0,1,682,2008,Reg,Inside,286000
190,10570,8,8,1932,1994,2727,2,3,1,440,2007,Reg,Inside,315000
191,7472,7,9,1972,2004,1479,1,4,1,484,2007,IR1,CulDSac,184000
192,9017,7,5,1999,1999,1431,2,3,1,666,2009,IR1,Inside,192000
193,2522,7,5,2004,2004,1709,2,3,1,380,2006,Reg,Inside,130000
194,7180,5,7,1972,1972,864,1,3,1,352,2008,IR1,Inside,127000
195,2280,6,6,1976,1976,1456,2,3,1,440,2009,Reg,FR2,148500
196,9416,7,5,2007,2007,1726,2,3,1,786,2007,Reg,Inside,311872
197,25419,8,4,1918,1990,3112,2,4,1,795,2006,Reg,Corner,235000
198,5520,6,6,1912,1950,2229,1,5,1,0,2009,Reg,Corner,104000
199,9591,8,5,2004,2005,1713,2,3,1,856,2009,Reg,Inside,274900
200,8546,4,5,2003,2004,1121,2,2,1,440,2010,Reg,Corner,140000
201,10125,6,6,1977,1977,1279,2,3,1,473,2008,Reg,Inside,171500
202,7000,6,6,1924,1950,1310,2,2,1,398,2006,Reg,Corner,112000
203,4438,6,5,2004,2004,848,1,1,1,420,2008,Reg,Inside,149000
204,3500,5,7,1947,1950,1284,1,2,1,240,2009,Reg,Inside,110000
205,11851,7,5,1990,1990,1442,2,3,1,500,2009,Reg,Corner,180500
206,13673,5,5,1962,1962,1696,1,3,1,349,2007,IR1,CulDSac,143900
207,12493,4,5,1960,1960,1100,1,3,1,312,2008,IR1,Inside,141000
208,14364,7,5,1988,1989,2062,2,3,1,454,2007,IR1,Inside,277000
209,8250,6,7,1964,1964,1092,1,3,1,504,2008,Reg,Inside,145000
210,5604,5,6,1925,1950,864,1,2,1,0,2008,Reg,Inside,98000
211,10420,6,5,2009,2009,1212,2,3,1,460,2010,Reg,Corner,186000
212,8640,7,5,2009,2009,1852,2,3,1,644,2009,Reg,Inside,252678
213,13568,5,5,1995,1995,990,1,3,1,576,2006,IR2,CulDSac,156000
214,10900,6,7,1977,1977,1392,1,3,1,299,2010,IR1,FR2,161750
215,10011,5,6,1957,1996,1236,1,2,1,447,2006,IR1,Inside,134450
216,8450,7,5,2004,2004,1436,2,3,1,484,2008,Reg,Inside,210000
217,9906,4,4,1925,1950,1328,1,3,1,210,2006,Reg,Inside,107000
218,15660,7,9,1939,2006,1954,1,3,1,431,2008,IR1,Corner,311500
219,3010,7,5,2005,2006,1248,2,2,1,438,2006,Reg,Inside,167240
220,8990,7,5,2006,2006,1498,2,2,1,675,2006,IR1,Inside,204900
221,8068,6,5,2002,2002,2267,2,4,1,390,2009,IR1,Inside,200000
222,11475,6,6,1975,1975,1552,2,3,1,434,2006,Reg,Inside,179900
223,10500,4,6,1971,1971,864,1,2,1,576,2009,Reg,FR2,97000
224,13472,10,5,2003,2003,2392,2,3,1,968,2009,Reg,Inside,386250
225,1680,5,5,1971,1971,1302,2,3,1,280,2009,Reg,Inside,112000
226,9950,7,5,1995,1995,2520,2,4,1,721,2007,IR1,Inside,290000
227,1869,6,6,1970,1970,987,1,2,1,280,2008,Reg,Inside,106000
228,8521,5,5,1967,1967,912,1,3,1,336,2010,Reg,FR2,125000
229,3182,7,5,2005,2006,1555,2,2,1,430,2009,Reg,Inside,192500
230,8760,6,6,1959,1959,1194,1,3,1,312,2010,Reg,Inside,148000
231,15138,8,5,1995,1996,2794,2,4,1,810,2009,IR1,Inside,403000
232,1680,6,5,1972,1972,987,1,2,1,288,2006,Reg,Inside,94500
233,10650,5,6,1976,1976,894,1,3,1,308,2010,Reg,Corner,128200
234,7851,6,5,2002,2002,1960,2,4,1,440,2010,Reg,Inside,216500
235,1680,6,3,1971,1971,987,1,2,1,264,2008,Reg,Inside,89500
236,8773,7,5,2004,2004,1414,2,3,1,494,2010,Reg,FR2,185500
237,9453,7,7,1993,2003,1744,2,3,1,457,2010,IR1,CulDSac,194500
238,12030,8,5,2007,2007,1694,2,3,1,818,2007,Reg,Inside,318000
239,8741,6,4,1945,1950,1487,1,3,1,220,2010,Reg,Inside,113000
240,9000,8,5,2008,2008,1566,2,3,1,750,2010,Reg,Inside,262500
241,3880,5,9,1945,1997,866,1,2,1,0,2007,Reg,Inside,110500
242,5000,5,4,1900,1950,1440,1,3,1,352,2006,Reg,Corner,79000
243,10762,6,6,1980,1980,1217,1,3,1,288,2009,Reg,Corner,120000
244,8880,7,5,1994,2002,2110,2,3,1,463,2010,IR1,Inside,205000
245,10400,7,5,1988,1988,1872,2,3,1,604,2006,Reg,Inside,241500
246,9142,6,8,1910,1950,1928,2,4,2,440,2006,Reg,Inside,137000
247,11310,6,5,1954,1954,1375,1,2,1,451,2006,Reg,Inside,140000
248,11317,7,5,2003,2003,1668,2,3,1,500,2007,Reg,Inside,180000
249,159000,6,7,1958,2006,2144,2,4,1,389,2007,IR2,CulDSac,277000
250,5350,3,2,1940,1966,1306,1,3,1,0,2010,IR1,Inside,76500
251,4750,8,5,2006,2007,1625,2,2,1,538,2007,IR1,Inside,235000
252,8366,6,5,2004,2004,1640,2,3,1,520,2008,IR1,Inside,173000
253,9350,6,7,1964,1991,1302,2,3,1,309,2007,Reg,Inside,158000
254,8400,5,6,1957,1957,1314,1,3,1,294,2010,Reg,Inside,145000
255,8738,7,5,1999,1999,2291,2,4,1,429,2006,IR1,Inside,230000
256,8791,6,5,2003,2003,1728,2,3,1,673,2008,IR1,Inside,207500
257,8814,7,5,2006,2006,1604,2,3,1,660,2009,Reg,Inside,220000
258,12435,7,5,2001,2001,1792,2,3,1,564,2008,Reg,Inside,231500
259,12702,5,5,1956,1956,882,1,2,1,308,2008,Reg,Inside,97000
260,19296,6,5,1962,1962,1382,1,3,1,884,2009,Reg,Corner,176000
261,9588,8,5,2007,2007,2574,2,3,1,868,2007,IR1,Inside,276000
262,8471,6,7,1977,1995,1212,1,3,1,492,2006,IR1,Corner,151000
263,5500,5,7,1929,2001,1316,1,3,1,484,2010,Reg,Corner,130000
264,5232,5,5,1925,2004,764,1,2,1,504,2008,IR3,Inside,73000
265,12090,6,6,1981,1981,1422,2,3,1,576,2008,IR1,Inside,175500
266,11207,6,5,1997,1997,1511,2,3,1,413,2006,IR1,FR2,185000
267,8400,5,8,1939,1997,2192,2,4,1,240,2008,Reg,Inside,179500
268,6900,5,6,1940,1955,778,1,2,1,924,2008,Reg,Inside,120500
269,7917,6,7,1976,1976,1113,1,3,1,504,2007,IR1,Corner,148000
270,10728,8,5,2006,2006,1939,2,3,1,1053,2006,Reg,Inside,266000
271,39104,7,7,1954,2005,1363,1,2,1,439,2008,IR1,CulDSac,241500
272,11764,8,7,1999,2007,2270,2,4,1,671,2010,IR1,CulDSac,290000
273,9600,6,6,1958,1988,1632,2,3,1,338,2009,Reg,Inside,139000
274,8314,5,7,1982,1982,816,1,2,1,264,2007,Reg,Corner,124500
275,7264,7,7,1925,2007,1548,2,3,1,672,2009,Reg,Inside,205000
276,9196,7,5,2003,2003,1560,2,3,1,573,2010,IR1,Inside,201000
277,19138,4,5,1951,1951,864,1,2,1,400,2010,Reg,Corner,141000
278,14450,9,5,2006,2007,2121,2,3,1,732,2007,Reg,Inside,415298
279,10005,7,5,1977,1977,2022,2,4,1,505,2008,Reg,Inside,192000
280,11287,7,6,1989,1989,1982,2,3,1,575,2007,Reg,Inside,228500
281,7200,6,5,2006,2006,1262,2,2,1,572,2006,Reg,Inside,185000
282,5063,7,5,2007,2008,1314,2,2,1,626,2009,Reg,Inside,207500
283,9612,8,5,2008,2009,1468,2,3,1,898,2009,Reg,Inside,244600
284,8012,6,5,1992,1992,1575,2,2,1,529,2007,Reg,Inside,179200
285,4251,7,5,2006,2007,1250,2,2,1,528,2007,IR1,Inside,164700
286,9786,6,7,1962,1981,1734,1,3,1,440,2006,IR1,Inside,159000
287,8125,4,4,1971,1971,858,1,3,1,0,2006,IR1,Corner,88000
288,9819,5,5,1967,1967,900,1,3,1,280,2010,IR1,Inside,122000
289,8730,6,7,1915,2003,1396,1,3,1,384,2007,Reg,Inside,153575
290,15611,8,5,2006,2006,1919,2,3,1,685,2006,Reg,Inside,233230
291,5687,5,6,1912,2000,1716,2,6,1,0,2008,Reg,Inside,135900
292,11409,5,4,1949,2008,1716,1,3,1,281,2009,Reg,Inside,131000
293,16659,7,7,1977,1994,2263,2,3,1,539,2006,IR1,Corner,235000
294,9600,6,5,1953,1953,1644,1,3,1,418,2009,Reg,Inside,167000
295,7937,6,6,1984,1984,1003,1,3,1,588,2006,IR1,CulDSac,142500
296,13710,5,5,1950,1950,1558,1,4,1,282,2007,Reg,Inside,152000
297,7399,7,5,1997,1998,1950,2,3,1,576,2007,IR1,Inside,239000
298,11700,6,6,1968,1968,1743,1,3,1,539,2007,Reg,Inside,175000
299,14000,6,8,1950,2004,1152,1,3,1,300,2009,Reg,Inside,158500
300,15750,5,5,1953,1953,1336,1,2,1,375,2006,Reg,Corner,157000
301,16226,8,5,1998,1999,2452,2,4,1,683,2007,IR3,Inside,267000
302,13704,7,5,2001,2002,1541,2,3,1,843,2006,IR1,Corner,205000
303,9800,5,7,1972,1972,894,1,3,1,552,2006,Reg,Corner,149900
304,18386,7,9,1880,2002,3493,3,3,1,870,2008,Reg,Inside,295000
305,10386,8,5,2004,2005,2000,2,3,1,888,2007,Reg,Inside,305900
306,13474,7,5,1990,1991,2243,2,4,1,746,2007,Reg,Inside,225000
307,7920,6,7,1920,1950,1406,1,3,1,0,2008,IR1,Inside,89500
308,12342,4,5,1940,1950,861,1,1,1,539,2009,IR1,Inside,82500
309,12378,9,5,2003,2004,1944,2,3,1,708,2006,IR1,Inside,360000
310,7685,6,5,1993,1994,1501,2,3,1,420,2006,IR1,Inside,165600
311,8000,6,6,1948,2002,972,1,2,1,240,2009,Reg,Inside,132000
312,7800,5,7,1939,1950,1118,1,3,1,410,2006,Reg,Inside,119900
313,215245,7,5,1965,1965,2036,2,3,1,513,2009,IR3,Inside,375000
314,9600,7,7,1925,1990,1641,1,3,1,546,2006,Reg,Inside,178000
315,7795,7,5,2004,2005,1432,2,3,1,432,2009,IR1,Inside,188500
316,13005,7,7,1980,1980,2353,2,4,1,484,2009,IR1,Corner,260000
317,9000,8,5,2006,2006,1959,2,3,1,1025,2007,Reg,Inside,270000
318,9900,7,5,1993,1993,2646,2,4,1,656,2009,Reg,Inside,260000
319,14115,7,5,1980,1980,1472,2,3,1,588,2009,Reg,Inside,187500
320,16259,9,5,2006,2006,2596,3,4,1,840,2006,Reg,Corner,342643
321,12099,8,5,2004,2004,2468,2,4,1,872,2007,IR1,Inside,354000
322,10380,7,5,1986,1987,2730,2,4,1,576,2007,IR1,Inside,301000
323,5820,3,8,1955,2005,1163,1,3,1,220,2006,Reg,Inside,126175
324,11275,7,7,1967,2007,2978,2,5,1,564,2010,Reg,Corner,242000
325,5000,5,6,1941,1950,803,1,2,1,360,2007,Reg,Inside,87000
326,10846,8,5,1993,1993,1719,1,1,1,473,2008,IR1,CulDSac,324000
327,11600,6,5,1960,1960,1383,1,3,1,292,2006,Reg,Inside,145250
328,11888,6,6,1916,1994,2134,2,5,1,441,2009,IR1,Inside,214500
329,6402,5,5,1920,1950,1192,1,3,1,189,2009,Reg,Corner,78000
330,10624,5,4,1964,1964,1728,2,6,2,352,2007,IR1,Inside,119000
331,8176,5,6,1958,1992,1056,1,3,1,308,2007,Reg,Inside,139000
332,10655,8,5,2003,2004,1629,2,3,1,880,2009,IR1,Inside,284000
333,8198,7,5,2004,2004,1358,2,2,1,484,2008,Reg,FR3,207000
334,9042,6,5,1998,1998,1638,2,3,1,472,2008,IR1,Inside,192000
335,164660,5,6,1965,1965,1786,2,3,1,529,2008,IR1,Corner,228950
336,14157,9,5,2005,2006,1922,2,3,1,676,2007,IR1,Corner,377426
337,9135,7,5,2002,2003,1536,2,3,1,532,2008,Reg,Inside,214000
338,14145,7,7,1984,1998,1621,2,3,1,440,2006,Reg,Corner,202500
339,12400,6,7,1958,1998,1215,1,3,1,297,2009,IR1,Inside,155000
340,14191,8,5,2002,2002,1908,2,4,1,431,2010,Reg,Inside,202900
341,8400,4,4,1950,1950,841,1,2,1,294,2009,Reg,Inside,82000
342,8544,3,4,1949,1950,1040,2,2,2,400,2006,Reg,Inside,87500
343,8849,9,5,2005,2005,1684,2,2,1,564,2008,IR1,Inside,266000
344,2592,5,3,1976,1976,1112,1,3,1,336,2010,Reg,Inside,85000
345,6435,6,5,1939,1950,1577,1,3,1,312,2006,Reg,Inside,140200
346,12772,6,8,1960,1998,958,1,2,1,301,2007,IR1,CulDSac,151500
347,17600,6,5,1960,1960,1478,2,3,1,498,2009,IR1,Inside,157500
348,2448,7,5,2003,2004,1626,2,2,1,474,2008,Reg,Inside,154000
349,20431,9,5,2005,2006,2728,2,4,1,706,2006,IR2,Inside,437154
350,7820,9,5,2007,2007,1869,2,2,1,617,2007,IR1,Inside,318061
351,5271,7,5,1986,1986,1453,1,2,1,445,2006,IR1,Inside,190000
352,9084,5,6,1941,1950,1111,1,3,1,200,2008,Reg,Inside,95000
353,8520,6,8,1928,2003,720,1,2,1,484,2010,Reg,Inside,105900
354,8400,6,5,1940,2000,1595,1,2,1,240,2006,Reg,Inside,140000
355,11249,6,5,1995,1995,1200,2,3,1,521,2007,IR2,Inside,177500
356,9248,6,6,1992,1992,1167,2,3,1,400,2009,IR1,Inside,173000
357,4224,5,5,1976,1976,1142,1,3,1,528,2007,Reg,Inside,134000
358,6930,5,4,1958,1958,1352,1,3,1,288,2006,IR1,Inside,130000
359,12011,8,5,1998,1998,1924,2,3,1,592,2006,IR1,CulDSac,280000
360,7540,6,6,1978,1978,912,1,2,1,470,2007,IR1,CulDSac,156000
361,9144,5,5,1940,1982,1505,1,3,1,240,2008,Reg,Inside,145000
362,7301,7,5,2003,2003,1922,3,4,1,672,2009,Reg,Corner,198500
363,1680,6,8,1972,2007,987,1,2,1,264,2009,Reg,Inside,118000
364,18800,6,5,1976,1976,1574,2,3,1,566,2006,IR1,FR2,190000
365,10690,5,7,1920,1997,1344,1,3,1,468,2009,Reg,Inside,147000
366,9500,6,5,1963,1963,1394,1,3,1,514,2009,IR1,Inside,159000
367,9150,6,5,1962,1962,1431,1,3,1,296,2008,IR1,Corner,165000
368,7800,5,6,1954,1954,1268,1,2,1,244,2010,Reg,Inside,132000
369,9830,5,7,1959,2006,1287,1,3,1,576,2010,IR1,Corner,162000
370,8121,6,5,2000,2000,1664,2,3,1,460,2006,IR1,Inside,172400
371,17120,4,4,1959,1959,1588,2,4,1,680,2008,Reg,Inside,134432
372,7175,6,5,1984,1984,752,1,2,1,264,2010,Reg,Inside,125000
373,10634,5,6,1953,1953,1319,1,3,1,270,2009,Reg,Inside,123000
374,8200,7,5,2003,2004,1928,2,4,1,434,2007,Reg,Inside,219500
375,10020,1,1,1922,1950,904,0,1,1,0,2009,IR1,Inside,61000
376,8846,5,5,1996,1996,914,1,2,1,576,2006,IR1,CulDSac,148000
377,11143,8,5,2004,2005,2466,3,4,1,610,2007,IR1,Corner,340000
378,11394,9,2,2010,2010,1856,1,1,1,834,2010,Reg,Corner,394432
379,8123,6,5,2000,2000,1800,2,3,1,463,2009,IR1,Inside,179000
380,5000,5,6,1924,1950,1691,2,3,1,308,2010,Reg,Inside,127000
381,7200,7,5,2006,2006,1301,2,2,1,572,2006,Reg,Inside,187750
382,9245,7,5,2006,2006,1797,2,3,1,639,2007,IR1,Inside,213500
383,9000,6,3,1928,1950,784,1,2,1,360,2009,Reg,Corner,76000
384,53107,6,5,1992,1992,1953,2,3,1,501,2007,IR2,Corner,240000
385,3182,8,5,2004,2005,1269,2,2,1,430,2010,Reg,Inside,192000
386,8410,5,3,1910,1996,1184,1,5,1,0,2006,Reg,FR2,81000
387,7200,6,6,1976,1976,1125,1,3,1,352,2009,Reg,Inside,125000
388,9382,7,5,1999,2000,1479,2,3,1,577,2008,IR1,CulDSac,191000
389,12474,10,5,2007,2008,2332,2,3,1,846,2008,Reg,Inside,426000
390,8405,5,8,1900,1950,1367,1,4,1,384,2008,Reg,Inside,119000
391,12209,6,5,2001,2002,1961,2,3,1,560,2009,IR1,CulDSac,215000
392,8339,5,7,1959,1959,882,1,3,1,294,2007,IR1,Inside,106500
393,7446,4,5,1941,1950,788,1,2,1,0,2006,Reg,Corner,100000
394,10134,5,6,1940,1950,1034,1,2,1,240,2007,Reg,Inside,109000
395,9571,5,6,1956,1956,1144,1,3,1,596,2010,Reg,Inside,129000
396,7200,5,5,1972,1972,894,1,2,1,600,2009,Reg,Inside,123000
397,7590,5,5,1962,1962,1812,2,4,1,264,2007,Reg,Inside,169500
398,8967,5,2,1920,1950,1077,1,2,1,338,2007,Reg,Corner,67000
399,8125,7,5,2006,2007,1550,2,2,1,438,2009,Reg,Inside,241000
400,14963,8,5,1996,1996,1288,1,1,1,500,2008,IR2,Inside,245500
401,8767,7,5,2005,2005,1310,2,3,1,400,2006,IR1,Inside,164990
402,10200,5,8,1940,1997,672,1,2,1,240,2008,Reg,Inside,108000
403,12090,8,5,1998,1998,2263,2,4,1,420,2006,Reg,Corner,258000
404,10364,6,5,1995,1996,1572,2,3,1,373,2007,IR1,Inside,168000
405,9991,4,4,1976,1993,1620,2,3,1,490,2009,IR1,Corner,150000
406,10480,6,5,1936,1950,1639,1,3,1,240,2008,Reg,Inside,115000
407,15576,6,7,1915,1976,1680,2,4,1,308,2008,Reg,Inside,177000
408,14154,7,5,2006,2006,2172,2,3,1,947,2007,Reg,Corner,280000
409,10800,8,5,2007,2008,2078,2,3,1,836,2008,Reg,Inside,339750
410,9571,5,3,1958,1958,1276,1,3,1,350,2009,Reg,Inside,60000
411,34650,5,5,1955,1955,1056,1,3,1,572,2006,Reg,Inside,145000
412,4403,7,5,2009,2009,1478,2,2,1,484,2010,IR2,Inside,222000
413,8960,5,6,1927,1950,1028,1,2,1,360,2010,Reg,Inside,115000
414,11228,7,5,1993,1993,2097,2,3,1,678,2008,IR2,CulDSac,228000
415,8899,7,5,2007,2007,1340,2,3,1,396,2007,IR1,Inside,181134
416,7844,6,7,1978,1978,1400,1,3,1,440,2006,Reg,Inside,149500
417,22420,6,6,1918,1950,2624,2,4,1,864,2007,IR1,Inside,239000
418,8160,5,6,1940,1950,1134,1,3,1,240,2007,Reg,Inside,126000
419,8450,5,6,1968,1968,1056,1,3,1,304,2010,Reg,Inside,142000
420,7060,7,5,1997,1998,1344,2,2,2,784,2008,Reg,Inside,206300
421,16635,6,7,1977,2000,1602,2,3,1,529,2009,IR1,FR2,215000
422,21750,5,5,1954,1954,988,1,2,1,520,2008,Reg,Inside,113000
423,9200,8,5,1998,1998,2630,2,4,1,696,2008,Reg,Inside,315000
424,9000,6,5,1956,1956,1196,1,2,1,297,2008,Reg,Inside,139000
425,3378,7,8,1946,1992,1389,1,3,1,240,2009,Reg,Inside,135000
426,12800,7,5,1989,1989,1644,2,2,1,569,2009,Reg,Inside,275000
427,8593,4,6,1957,1957,907,1,3,1,352,2008,IR1,Inside,109008
428,6762,7,5,2007,2007,1208,2,2,1,628,2007,Reg,Inside,195400
429,11457,6,5,1988,1988,1412,2,3,1,576,2009,IR1,Corner,175000
430,1680,6,5,1971,1971,987,1,2,1,264,2008,Reg,Inside,85400
431,5586,6,7,1920,1998,1198,1,4,1,0,2008,IR1,Inside,79900
432,1920,5,5,1971,1971,1365,1,2,1,440,2007,Reg,Inside,122500
433,10839,6,5,1997,1998,1604,2,3,1,470,2008,IR1,Corner,181000
434,1890,4,7,1972,1972,630,1,1,1,0,2008,Reg,Inside,81000
435,10667,7,6,1996,1996,1661,2,3,1,550,2009,IR2,CulDSac,212000
436,4400,6,8,1920,1950,1118,1,2,1,440,2006,Reg,Inside,116000
437,6000,6,7,1926,2004,904,1,2,1,180,2009,Reg,Inside,119000
438,4280,5,6,1913,2002,694,1,2,1,352,2007,Reg,Inside,90350
439,12354,6,8,1920,2000,1196,1,3,1,528,2009,Reg,Corner,110000
440,15431,10,5,2008,2008,2402,2,2,1,672,2009,Reg,Inside,555000
441,12108,4,4,1955,1955,1440,2,4,2,0,2008,Reg,Inside,118000
442,6240,5,7,1930,1992,1573,2,3,1,360,2008,Reg,Inside,162900
443,3922,7,5,2006,2007,1258,2,2,1,648,2007,Reg,Inside,172500
444,8750,7,5,1994,1995,1908,2,4,1,493,2008,Reg,Inside,210000
445,9855,6,5,1956,1956,1689,1,3,1,480,2009,Reg,Corner,127500
446,16492,6,6,1966,2002,1888,2,2,1,578,2010,IR1,Corner,190000
447,11214,7,5,1998,1999,1886,2,4,1,431,2006,IR1,Corner,199900
448,8600,6,6,1937,1950,1376,2,3,1,198,2006,Reg,Inside,119500
449,6000,3,7,1948,2002,1183,1,2,1,308,2007,Reg,Inside,120000
450,5684,6,8,1930,2005,813,1,2,1,270,2006,Reg,Inside,110000
451,70761,7,5,1975,1975,1533,2,2,1,576,2006,IR1,Inside,280000
452,9303,6,5,1996,1997,1756,2,3,1,422,2007,IR1,Corner,204000
453,9000,8,5,2008,2008,1590,2,3,1,676,2009,Reg,Inside,210000
454,9297,5,5,1976,1976,1728,2,4,2,560,2006,Reg,Inside,188000
455,9600,7,6,1973,1973,1242,1,3,1,528,2007,Reg,Inside,175500
456,4571,5,5,1916,1950,1344,1,4,1,513,2008,Reg,Inside,98000
457,53227,4,6,1954,1994,1663,1,2,1,529,2008,IR1,CulDSac,256000
458,5100,8,7,1925,1996,1666,1,3,1,228,2008,Reg,Inside,161000
459,7015,5,4,1950,1950,1203,1,3,1,352,2009,IR1,Corner,110000
460,8004,8,5,2009,2009,1935,2,3,1,552,2009,IR1,Inside,263435
461,7200,7,9,1936,2007,1135,1,3,1,576,2009,Reg,Inside,155000
462,8281,5,5,1965,1965,864,1,3,1,360,2009,IR1,Inside,62383
463,11988,6,7,1934,1995,1660,1,3,1,240,2008,IR1,Inside,188700
464,8430,5,5,1978,1978,1040,2,3,1,0,2009,Reg,Inside,124000
465,3072,7,5,2004,2004,1414,2,2,1,398,2006,Reg,Inside,178740
466,10628,7,5,1970,1970,1277,1,2,1,526,2007,Reg,Inside,167000
467,9480,5,7,1942,1995,1644,1,3,1,312,2007,Reg,Inside,146500
468,11428,8,5,2006,2006,1634,2,3,1,866,2007,IR1,Inside,250000
469,9291,6,5,1993,1993,1710,2,3,1,506,2008,IR1,Corner,187000
470,6820,8,5,1985,1985,1502,1,1,1,528,2010,IR1,Corner,212000
471,11952,7,6,1977,1977,1969,2,3,1,534,2007,Reg,Inside,190000
472,3675,6,5,2005,2005,1072,1,2,1,525,2008,Reg,Inside,148000
473,14977,8,5,2006,2007,1976,2,2,1,908,2007,IR1,Inside,440000
474,5330,8,5,2000,2000,1652,2,2,1,499,2007,Reg,Inside,251000
475,8480,5,6,1963,1963,970,1,2,1,624,2007,Reg,Corner,132500
476,13125,6,5,1997,1998,1493,2,3,1,508,2008,Reg,Inside,208900
477,13693,9,5,2006,2006,2643,2,3,1,694,2007,Reg,Inside,380000
478,10637,8,5,2007,2008,1718,2,3,1,826,2009,Reg,Inside,297000
479,5925,4,7,1937,2000,1131,1,2,1,672,2007,Reg,Inside,89471
480,16033,9,5,2004,2005,1850,2,3,1,772,2006,IR1,FR2,326000
481,11846,9,5,2003,2004,1792,2,2,1,874,2006,IR1,Inside,374000
482,2500,7,8,1915,2005,1826,1,4,1,164,2009,Reg,Corner,155000
483,4500,6,5,1998,1998,1216,2,2,1,402,2006,Reg,FR2,164000
484,7758,5,7,1962,2001,999,1,3,1,264,2007,IR1,Corner,132500
485,9600,5,7,1950,2007,1113,1,3,1,264,2009,Reg,Inside,147000
486,10289,5,7,1965,1965,1073,1,3,1,515,2007,Reg,Inside,156000
487,12243,5,6,1971,1971,1484,2,3,1,487,2007,IR1,Inside,175000
488,10800,5,4,1900,1970,2414,2,3,2,520,2006,Reg,Corner,160000
489,1526,4,8,1970,2002,630,1,1,1,286,2009,Reg,Inside,86000
490,2665,5,6,1976,1976,1304,1,3,1,336,2008,Reg,Inside,115000
491,9490,6,7,1941,1950,1578,1,3,1,240,2006,Reg,Inside,133000
492,15578,6,5,2006,2006,1456,2,3,1,429,2006,IR1,Corner,172785
493,7931,5,6,1960,1960,1269,1,3,1,308,2008,Reg,Inside,155000
494,5784,5,8,1938,1996,886,1,2,1,273,2009,Reg,Inside,91300
495,7879,4,5,1920,1950,720,1,2,1,0,2009,Reg,Inside,34900
496,12692,8,5,1992,1993,3228,3,4,1,546,2007,IR1,Inside,430000
497,9120,7,6,1925,1950,1820,2,4,1,240,2008,Reg,Inside,184000
498,7800,5,7,1967,2004,899,1,3,1,288,2009,Reg,Inside,130000
499,7535,5,7,1958,1985,912,1,2,1,297,2007,IR1,Inside,120000
500,1890,6,5,1973,1973,1218,1,3,1,264,2007,Reg,Inside,113000
501,9803,7,5,2005,2005,1768,2,3,1,603,2008,Reg,Inside,226700
502,9170,5,7,1965,1965,1214,1,2,1,461,2007,Reg,Corner,140000
503,15602,7,8,1959,1997,1801,2,1,1,484,2010,IR1,Inside,289000
504,2308,6,5,1974,1974,1322,2,3,1,440,2009,Reg,Inside,147000
505,7596,5,5,1952,1952,1960,2,4,2,400,2009,Reg,Inside,124500
506,9554,8,5,1993,1994,1911,2,3,1,471,2006,IR1,Inside,215000
507,7862,6,5,2009,2009,1218,2,2,1,676,2009,IR1,Inside,208300
508,9600,7,9,1928,2005,1378,2,3,1,360,2008,Reg,Inside,161000
509,9600,5,6,1959,1959,1041,1,3,1,270,2009,Reg,Corner,124500
510,14559,5,7,1951,2000,1363,1,2,1,288,2009,Reg,Inside,164900
511,6792,7,5,2005,2006,1368,2,2,1,474,2006,IR1,Inside,202665
512,9100,5,5,1958,1958,864,1,3,1,624,2006,Reg,Corner,129900
513,9187,6,5,1983,1983,1080,1,3,1,484,2007,Reg,Corner,134000
514,10594,5,5,1926,1950,789,1,2,1,200,2007,Reg,Inside,96500
515,12220,10,5,2009,2009,2020,2,3,1,900,2009,Reg,Inside,402861
516,10448,6,6,1972,1972,2119,2,3,1,583,2009,IR1,Corner,158000
517,10208,7,5,1996,1997,2344,2,3,1,889,2009,IR1,Inside,265000
518,9531,6,5,1998,1998,1796,2,3,1,546,2007,IR1,CulDSac,211000
519,10918,7,9,1926,2004,2080,1,3,1,282,2009,Reg,Inside,234000
520,10800,4,7,1900,2000,1294,2,3,2,0,2008,Reg,Inside,106250
521,11988,6,6,1957,1957,1244,1,3,1,336,2007,IR1,Corner,150000
522,5000,6,7,1947,1950,1664,2,3,1,420,2006,Reg,Corner,159000
523,40094,10,5,2007,2008,4676,3,3,1,884,2007,IR1,Inside,184750
524,11787,7,5,1996,1997,2398,2,3,1,834,2007,IR1,Inside,315750
525,7500,7,5,2005,2005,1266,2,3,1,453,2006,Reg,Inside,176000
526,13300,5,7,1956,2000,928,1,2,1,252,2007,Reg,Inside,132000
527,14948,9,5,2008,2008,2713,2,3,1,858,2008,IR1,Inside,446261
528,9098,4,7,1920,2002,605,1,2,1,0,2007,IR1,Inside,86000
529,32668,6,3,1957,1975,2515,3,4,2,484,2007,IR1,CulDSac,200624
530,10200,6,5,1988,1989,1509,2,3,1,600,2008,Reg,Inside,175000
531,6155,6,8,1920,1999,1362,2,3,1,502,2008,IR1,FR3,128000
532,7200,5,7,1955,2007,827,1,2,1,392,2010,Reg,Inside,107500
533,5000,1,3,1946,1950,334,1,1,1,0,2007,Reg,Inside,39300
534,9056,8,5,2004,2004,1414,2,3,1,403,2006,IR1,Inside,178000
535,7000,5,7,1910,1991,1347,1,3,1,0,2008,Reg,Inside,107500
536,8924,7,5,1998,1999,1724,2,3,1,527,2008,IR1,CulDSac,188000
537,12735,4,5,1972,1972,864,1,3,1,576,2008,IR1,FR2,111250
538,11553,5,5,1968,1968,1159,1,3,1,336,2006,IR1,Inside,158000
539,11423,8,5,2001,2002,1601,2,3,1,670,2010,Reg,Inside,272000
540,14601,9,5,2006,2006,1838,2,2,1,765,2009,Reg,Inside,315000
541,11000,8,5,2000,2000,2285,2,4,1,648,2007,Reg,FR2,248000
542,10140,7,5,1998,1999,1680,2,3,1,583,2009,Reg,Inside,213250
543,4058,7,5,1998,1998,767,1,1,1,367,2007,Reg,Inside,133000
544,17104,7,5,2006,2006,1496,2,3,1,426,2006,IR1,Inside,179665
545,13837,7,5,1988,1988,2183,2,4,1,786,2006,IR1,Corner,229000
546,8737,6,7,1923,1950,1635,1,3,1,440,2007,IR1,Inside,210000
547,7244,5,7,1970,1970,768,1,2,1,624,2007,Reg,Inside,129500
548,8235,5,7,1955,1995,825,1,2,1,720,2008,IR1,Inside,125000
549,9375,7,5,2003,2004,2094,2,4,1,615,2009,Reg,Inside,263000
550,4043,6,6,1977,1977,1069,2,2,1,440,2008,Reg,Inside,140000
551,6000,5,6,1957,1957,928,1,3,1,288,2008,Reg,Inside,112500
552,11146,8,5,2006,2006,1717,2,3,1,908,2009,IR1,Inside,255500
553,8777,4,5,1949,2003,1126,2,2,1,520,2009,Reg,Inside,108000
554,10625,7,5,2003,2004,2046,2,3,1,871,2008,Reg,Inside,284000
555,6380,5,6,1922,1950,1048,1,2,1,280,2006,Reg,Inside,113000
556,14850,5,5,1957,1957,1092,1,2,1,299,2006,IR1,Inside,141000
557,11040,4,6,1920,1950,1336,1,3,1,570,2006,Reg,Inside,108000
558,21872,7,5,1996,1997,1446,2,3,1,406,2008,IR2,FR2,175000
559,3196,7,5,2003,2004,1557,2,2,1,420,2006,Reg,Inside,234000
560,11341,5,6,1957,1996,1392,1,3,1,528,2010,IR1,Inside,121500
561,10010,5,5,1974,1975,1389,1,2,1,418,2006,Reg,Inside,170000
562,13907,5,6,1940,1969,996,1,3,1,0,2008,Reg,Inside,108000
563,21780,6,7,1918,1950,1674,2,4,1,396,2008,Reg,Inside,185000
564,13346,7,5,1992,2000,2295,2,4,1,590,2006,IR1,CulDSac,268000
565,6858,6,4,1915,1950,1647,1,4,1,216,2010,Reg,Corner,128000
566,11198,9,5,2005,2007,2504,2,4,1,656,2008,IR1,Inside,325000
567,10171,7,5,2004,2004,1535,2,3,1,532,2010,IR1,Inside,214000
568,12327,8,8,1983,2009,2132,1,1,1,612,2009,IR1,Inside,316600
569,7032,5,5,1979,1979,943,1,2,1,600,2006,IR1,Corner,135960
570,13101,5,5,1965,1965,1728,2,6,2,576,2008,IR1,Inside,142600
571,7332,6,6,1959,1959,864,1,2,1,288,2006,Reg,Inside,120000
572,13159,7,5,2009,2009,1692,2,3,1,650,2009,IR1,Corner,224500
573,9967,7,5,2000,2000,1430,2,3,1,400,2007,IR1,Inside,170000
574,10500,5,7,1971,2005,1109,1,3,1,288,2007,Reg,FR2,139000
575,8480,5,5,1947,1950,1216,1,2,1,336,2008,Reg,Inside,118500
576,6292,7,7,1928,1950,1477,2,3,1,216,2009,Reg,Inside,145000
577,11777,5,6,1966,1966,1320,1,3,1,564,2006,IR1,Inside,164500
578,3604,7,5,2007,2007,1392,2,2,1,540,2008,Reg,Corner,146000
579,12150,5,5,1954,1954,1795,2,4,1,352,2008,Reg,Inside,131500
580,14585,6,6,1960,1987,1429,1,3,1,572,2007,IR1,CulDSac,181900
581,12704,8,5,2008,2009,2042,2,3,1,1390,2009,Reg,Inside,253293
582,11841,6,5,1990,1990,816,1,3,1,0,2007,Reg,Inside,118500
583,13500,10,9,1893,2000,2775,3,3,1,880,2008,Reg,Inside,325000
584,6120,4,7,1935,1995,1573,1,3,1,240,2009,Reg,Inside,133000
585,11443,8,5,2005,2006,2028,2,2,1,880,2006,Reg,Inside,369900
586,10267,6,7,1918,2000,838,1,2,1,275,2008,Reg,Inside,130000
587,8740,5,6,1982,1982,860,1,2,1,528,2009,IR1,Inside,137000
588,25095,5,8,1968,2003,1473,1,1,1,452,2009,IR1,Inside,143000
589,9100,5,6,1930,1960,935,1,2,1,308,2008,Reg,Inside,79500
590,8320,7,5,2004,2004,1582,2,3,1,520,2008,Reg,Inside,185900
591,13478,10,5,2008,2008,2296,2,3,1,842,2009,IR1,Corner,451950
592,6600,5,8,1982,2003,816,1,2,1,816,2008,Reg,Inside,138000
593,4435,6,5,2003,2003,848,1,1,1,420,2009,Reg,Inside,140000
594,7990,5,6,1975,1975,924,1,3,1,280,2008,IR1,Inside,110000
595,11302,8,5,2005,2006,1826,2,3,1,758,2006,IR1,Inside,319000
596,3600,6,7,1910,1993,1368,1,3,1,216,2006,Reg,Inside,114504
597,3922,7,5,2006,2007,1402,0,2,1,648,2007,Reg,Inside,194201
598,12984,5,6,1977,1977,1647,2,3,1,621,2006,Reg,Inside,217500
599,1950,6,6,1980,1980,1556,2,3,1,452,2008,Reg,Inside,151000
600,10927,8,5,2005,2005,1904,2,3,1,736,2006,Reg,Inside,275000
601,9000,6,6,1937,1950,1375,1,3,1,544,2007,Reg,Inside,141000
602,10041,8,5,1992,1992,1915,2,3,1,506,2006,IR1,Inside,220000
603,3182,7,5,2004,2005,1200,2,2,1,480,2010,Reg,Inside,151000
604,12803,7,5,2002,2002,1494,2,3,1,530,2008,IR1,Inside,221000
605,13600,7,6,1965,1990,1986,2,3,1,486,2009,Reg,Inside,205000
606,12464,5,5,1996,1996,1040,1,3,1,576,2009,IR2,Corner,152000
607,7800,5,8,1948,2002,2008,3,3,1,230,2006,Reg,Inside,225000
608,12168,8,6,1934,1998,3194,2,4,1,380,2007,Reg,Inside,359100
609,7943,4,5,1961,1961,1029,1,3,1,261,2007,Reg,Inside,118500
610,11050,9,5,2000,2000,2153,2,3,1,736,2009,Reg,Inside,313000
611,10395,6,6,1978,1978,1032,2,3,1,564,2007,IR1,FR2,148000
612,11885,8,5,2001,2001,1872,2,3,1,531,2009,Reg,Inside,261500
613,8402,5,5,2007,2007,1120,1,3,1,0,2007,Reg,Inside,147000
614,1491,4,6,1972,1972,630,1,1,1,0,2010,Reg,Inside,75500
615,8800,6,7,1963,1963,1054,1,3,1,480,2010,Reg,Inside,137500
616,7861,6,5,2002,2003,1509,2,3,1,393,2006,IR1,Inside,183200
617,7227,6,6,1954,1954,832,1,2,1,528,2008,Reg,Corner,105500
618,11694,9,5,2007,2007,1828,2,3,1,774,2007,Reg,Inside,314813
619,12244,8,5,2003,2003,2262,2,4,1,749,2008,Reg,Inside,305000
620,8248,3,3,1914,1950,864,1,2,1,0,2008,Reg,Inside,67000
621,10800,6,7,1974,1997,2614,2,4,1,624,2008,Reg,Inside,240000
622,7064,5,6,1977,1977,980,1,3,1,484,2009,Reg,Inside,135000
623,2117,6,5,2000,2000,1512,2,2,1,440,2007,Reg,Inside,168500
624,10400,6,5,1972,1972,1790,1,4,1,484,2006,Reg,Inside,165150
625,10000,6,6,1962,1962,1116,1,3,1,440,2010,IR1,Corner,160000
626,12342,5,5,1960,1978,1422,1,3,1,286,2007,IR1,Inside,139900
627,9600,6,6,1955,1972,1520,1,3,1,364,2010,Reg,Inside,153000
628,11606,5,5,1969,1969,2080,1,5,1,504,2007,IR1,Inside,135000
629,9020,6,5,1964,1964,1350,1,3,1,520,2008,Reg,Corner,168500
630,9000,5,6,1880,1991,1750,1,3,1,240,2006,Reg,Corner,124000
631,4590,8,5,2006,2006,1554,2,2,1,627,2007,Reg,Inside,209500
632,11900,7,5,1977,1977,1411,2,3,1,544,2009,Reg,Inside,82500
633,9250,5,7,1954,2005,1056,1,3,1,260,2007,Reg,Corner,139400
634,6979,6,5,1980,1980,1056,0,0,2,576,2010,Reg,Inside,144000
635,10896,6,7,1914,1995,3395,2,8,2,0,2007,Reg,Inside,200000
636,6120,2,3,1936,1950,800,1,1,1,0,2009,Reg,Inside,60000
637,6000,5,4,1954,1954,1387,2,3,2,256,2009,Reg,Inside,93000
638,8777,5,7,1910,1950,796,1,2,1,0,2008,Reg,Inside,85000
639,3982,8,5,2006,2006,1567,2,1,1,648,2006,Reg,Inside,264561
640,12677,8,5,2003,2004,1518,1,1,1,588,2008,IR1,Inside,274000
641,7050,7,5,2001,2001,1929,2,3,1,650,2007,Reg,Inside,226000
642,13860,8,7,1972,1995,2704,2,4,1,538,2009,Reg,Inside,345000
643,10793,5,5,1969,1969,1620,2,4,1,462,2007,Reg,Inside,152000
644,9187,9,5,2009,2009,1766,2,2,1,478,2009,Reg,Inside,370878
645,10530,6,5,1971,1971,981,1,3,1,576,2007,IR1,Corner,143250
646,7200,5,5,1950,1950,1048,1,3,1,420,2008,Reg,Inside,98300
647,10452,6,5,1953,1953,1094,1,3,1,495,2008,IR1,Inside,155000
648,7700,6,5,1966,1966,1839,1,4,1,442,2010,Reg,Inside,155000
649,1936,4,6,1970,1970,630,1,1,1,0,2007,Reg,Inside,84500
650,8125,7,6,2007,2007,1665,2,3,1,562,2008,Reg,Inside,205950
651,9084,4,5,1940,1950,1510,1,4,1,296,2009,Reg,Inside,108000
652,8750,7,5,1996,1996,1716,2,2,1,512,2009,Reg,Inside,191000
653,10320,6,7,1906,1995,1469,1,3,1,216,2008,Reg,Inside,135000
654,10437,8,6,1995,1995,2113,2,2,1,839,2008,IR1,Inside,350000
655,1680,6,5,1971,1971,1092,1,3,1,264,2010,Reg,Inside,88000
656,10007,5,7,1959,2006,1053,1,3,1,312,2008,IR1,Inside,145500
657,7200,7,6,1931,2000,1502,1,3,1,270,2008,Reg,Inside,149000
658,17503,6,5,1948,1950,1458,1,3,1,330,2010,Reg,Inside,97500
659,9937,5,7,1964,1999,1486,1,3,1,480,2009,Reg,Corner,167000
660,12384,7,7,1976,1976,1935,2,3,1,550,2007,Reg,CulDSac,197900
661,46589,8,7,1994,2005,2448,2,4,1,711,2009,IR2,CulDSac,402000
662,13560,6,3,1968,1968,1392,1,2,1,576,2009,Reg,Corner,110000
663,10012,4,5,1972,1972,1181,2,3,1,588,2008,Reg,Inside,137500
664,20896,8,5,2005,2006,2097,1,1,1,1134,2006,IR2,CulDSac,423000
665,11194,8,5,2000,2000,1936,2,3,1,504,2006,IR1,Corner,230500
666,18450,6,5,1965,1979,2380,2,3,1,596,2007,IR1,Inside,129000
667,8125,6,5,1994,1998,1679,2,3,1,575,2008,Reg,Inside,193500
668,14175,5,6,1956,1987,1437,1,3,1,576,2006,Reg,Corner,168000
669,11600,4,5,1922,1950,1180,1,2,1,252,2006,Reg,Inside,137500
670,8633,6,5,2005,2005,1476,2,3,1,540,2009,Reg,FR2,173500
671,6629,6,6,1925,1950,1369,2,3,1,300,2009,Reg,Inside,103600
672,11250,6,6,1977,1977,1208,1,3,1,546,2006,IR1,Inside,165000
673,14442,6,7,1957,2004,1839,2,3,1,416,2007,Reg,Inside,257500
674,9200,6,6,1965,1965,1136,1,3,1,384,2008,Reg,Inside,140000
675,2289,6,6,1978,1978,1441,2,3,1,440,2009,Reg,Inside,148500
676,9600,4,2,1900,1950,1774,2,4,2,779,2006,Reg,Inside,87000
677,9022,5,8,1924,2006,792,1,2,1,240,2009,Reg,Inside,109500
678,11844,8,5,2008,2008,2046,2,3,1,834,2009,IR1,Inside,372500
679,9945,5,5,1961,1961,988,1,3,1,572,2007,IR1,Inside,128500
680,8012,6,5,1980,1980,923,2,2,1,264,2010,Reg,Inside,143000
681,4500,5,5,1932,2000,1520,1,3,1,281,2009,IR2,Inside,159434
682,2887,6,5,1996,1997,1291,1,2,1,431,2008,Reg,Inside,173000
683,11248,9,5,2002,2002,1668,2,3,1,702,2007,IR1,Corner,285000
684,16770,7,5,1998,1998,1839,2,4,1,486,2010,IR2,CulDSac,221000
685,5062,7,5,1984,1984,2090,2,3,1,577,2007,IR1,CulDSac,207500
686,10207,7,6,2007,2007,1761,3,3,1,578,2007,Reg,Inside,227875
687,5105,7,5,2004,2004,1102,2,2,1,480,2007,IR2,FR2,148800
688,8089,8,6,2007,2007,1419,2,2,1,567,2007,Reg,Inside,392000
689,7577,6,5,2005,2006,1362,2,2,1,460,2007,IR1,Corner,194700
690,4426,6,5,2004,2004,848,1,1,1,420,2008,Reg,Inside,141000
691,21535,10,6,1994,1995,4316,3,4,1,832,2007,IR1,Corner,755000
692,26178,7,5,1989,1990,2519,2,4,1,628,2006,IR1,Inside,335000
693,5400,5,6,1921,1968,1073,1,2,1,326,2006,Reg,Corner,108480
694,6120,5,6,1936,1950,1539,1,3,1,576,2009,Reg,Corner,141500
695,13811,6,6,1987,1987,1137,2,2,1,551,2006,IR1,Inside,176000
696,6000,5,7,1921,1950,616,1,2,1,205,2006,Reg,Inside,89000
697,6420,5,7,1952,1952,1148,1,2,1,308,2006,IR1,Inside,123500
698,8450,5,8,1965,2009,894,1,3,1,336,2010,Reg,Inside,138500
699,4282,7,5,2004,2004,1391,2,2,1,530,2008,IR2,Inside,196000
700,14331,8,5,2002,2002,1800,2,3,1,765,2006,Reg,Inside,312500
701,9600,7,5,1969,1969,1164,1,3,1,528,2006,Reg,Inside,140000
702,12438,8,5,2006,2006,2576,2,4,1,666,2006,IR1,Inside,361919
703,7630,5,9,1900,1996,1812,2,4,2,672,2010,Reg,Inside,140000
704,8400,7,5,2004,2005,1484,2,3,1,606,2010,Reg,Inside,213000
705,5600,4,5,1930,1950,1092,2,3,2,0,2010,Reg,Inside,55000
706,115149,7,5,1971,2002,1824,2,2,1,739,2007,IR2,CulDSac,302000
707,6240,8,5,2006,2006,1324,2,2,1,550,2009,Reg,Inside,254000
708,9018,7,5,2007,2007,1456,2,3,1,400,2007,IR1,Inside,179540
709,7162,5,7,1966,1966,904,1,3,1,408,2008,IR1,Inside,109900
710,4130,3,6,1935,2003,729,1,2,1,0,2008,IR1,Inside,52000
711,8712,4,7,1900,1950,1178,1,2,1,384,2010,Reg,Inside,102776
712,4671,8,5,1988,1989,1228,2,2,1,472,2008,IR1,Inside,189000
713,9873,4,5,1970,1970,960,1,3,1,576,2006,Reg,Inside,129000
714,13517,6,8,1976,2005,1479,2,3,1,475,2010,IR1,CulDSac,130500
715,10140,6,5,1974,1974,1350,2,3,1,478,2009,Reg,Inside,165000
716,10800,7,8,1890,1998,2554,1,3,1,704,2007,Reg,Inside,159500
717,10000,5,6,1973,2000,1178,1,3,1,439,2008,Reg,Inside,157000
718,10542,7,5,1993,1994,2418,2,3,1,983,2008,Reg,Inside,341000
719,9920,5,6,1969,1969,971,1,3,1,300,2006,IR1,Inside,128500
720,6563,8,5,1985,1985,1742,2,2,1,564,2006,IR1,CulDSac,275000
721,4426,6,5,2004,2004,848,1,1,1,420,2010,Reg,Inside,143000
722,8120,4,7,1970,1970,864,1,3,1,463,2009,Reg,Inside,124500
723,8172,4,6,1954,1972,1470,2,4,1,548,2008,Reg,Inside,135000
724,13286,9,5,2007,2008,1698,2,3,1,768,2009,IR1,Inside,320000
725,6960,4,6,1970,1970,864,1,3,1,660,2009,Reg,Inside,120500
726,21695,6,9,1988,2007,1680,2,3,1,540,2009,IR1,Corner,222000
727,7314,7,5,2007,2007,1232,2,2,1,632,2009,Reg,Inside,194500
728,11475,5,5,1958,1958,1776,2,4,2,888,2009,Reg,Corner,110000
729,6240,4,5,1925,1950,1208,1,2,1,539,2009,Reg,Inside,103000
730,5389,8,5,1995,1996,1616,2,2,1,608,2010,IR1,Inside,236500
731,9590,7,5,2003,2003,1146,2,3,1,438,2007,IR1,Corner,187500
732,11404,7,5,1998,1999,2031,2,3,1,541,2008,IR1,Inside,222500
733,10000,5,6,1961,1983,1144,1,3,1,264,2009,Reg,Corner,131400
734,8978,5,5,1968,1968,948,1,3,1,300,2007,IR1,Corner,108000
735,10800,7,7,1914,1970,1768,1,2,1,320,2006,Reg,Inside,163000
736,8544,3,4,1950,1950,1040,2,2,2,400,2006,Reg,Inside,93500
737,10463,8,5,2005,2005,1801,2,3,1,800,2006,IR1,CulDSac,239900
738,10800,5,5,1987,1988,1200,3,3,1,0,2009,Reg,Inside,179000
739,9313,7,5,2004,2004,1728,2,3,1,572,2009,IR1,Inside,190000
740,9600,5,7,1910,2002,1432,2,2,1,360,2007,Reg,Inside,132000
741,6768,6,8,1961,1996,912,1,3,1,288,2008,IR1,Inside,142000
742,8450,7,5,2000,2001,1349,2,3,1,539,2007,Reg,Inside,179000
743,12886,5,6,1963,1999,1464,2,3,1,480,2009,IR1,Inside,175000
744,5395,8,5,1993,1993,1337,2,2,1,462,2008,IR1,Inside,180000
745,8963,8,9,1976,1996,2715,3,4,1,831,2008,IR1,Inside,299800
746,8795,7,5,2000,2000,2256,2,4,1,554,2009,IR1,Inside,236000
747,11700,7,7,1880,2003,2640,1,4,1,864,2009,IR1,Corner,265979
748,10593,7,5,1996,1996,1720,2,3,1,527,2010,IR1,Inside,260400
749,8405,4,3,1945,1950,1529,2,4,1,240,2009,Reg,Inside,98000
750,8800,4,7,1910,2004,1140,1,3,1,0,2010,Reg,Corner,96500
751,7750,7,5,2003,2003,1320,2,3,1,400,2007,Reg,Inside,162000
752,9236,6,5,1997,1997,1494,2,3,1,576,2006,IR1,Inside,217000
753,10240,8,5,2005,2005,2098,2,3,1,878,2006,Reg,Inside,275500
754,7930,6,8,1969,2005,1026,1,3,1,440,2009,Reg,Inside,156000
755,3230,6,5,1999,1999,1471,2,3,1,440,2009,Reg,Inside,172500
756,10769,8,5,2007,2007,1768,2,3,1,578,2009,IR1,Inside,212000
757,11616,6,5,1978,1978,1386,2,3,1,440,2010,IR1,CulDSac,158900
758,2280,7,5,1999,1999,1501,2,3,1,440,2008,Reg,Inside,179400
759,12257,8,5,1995,1995,2531,2,4,1,752,2007,IR1,Inside,290000
760,9100,6,6,1959,1959,864,1,2,1,300,2009,Reg,Inside,127500
761,6911,5,5,1924,1950,1301,1,2,1,440,2009,Reg,FR2,100000
762,8640,7,5,2009,2009,1547,2,3,1,614,2010,Reg,Inside,215200
763,9430,8,5,1999,1999,2365,2,3,1,856,2009,Reg,Inside,337000
764,9549,8,5,1995,1996,1494,1,2,1,481,2006,IR1,CulDSac,270000
765,14587,9,5,2008,2008,1506,2,2,1,592,2008,IR1,Inside,264132
766,10421,7,5,1988,1988,1714,2,3,1,496,2010,Reg,Inside,196500
767,12508,6,7,1940,1985,1750,2,4,1,423,2008,IR1,Inside,160000
768,9100,7,5,2004,2005,1836,2,3,1,484,2006,Reg,Inside,216837
769,53504,8,5,2003,2003,3279,3,4,1,841,2010,IR2,CulDSac,538000
770,7252,5,5,1982,1982,858,1,2,1,576,2009,IR1,CulDSac,134900
771,8877,4,5,1951,1951,1220,1,2,1,396,2006,Reg,Inside,102000
772,7819,6,5,1976,1976,1117,1,3,1,672,2010,Reg,Inside,107000
773,10150,5,5,1958,1958,912,1,2,1,275,2007,Reg,Inside,114500
774,14226,8,5,2006,2006,1973,2,3,1,895,2007,Reg,Corner,395000
775,4500,6,5,1998,1998,1204,2,2,1,412,2009,Reg,FR2,162000
776,11210,7,5,2005,2006,1614,2,3,1,865,2006,IR1,Inside,221500
777,13350,5,5,1974,1974,894,1,3,1,440,2006,IR1,Inside,142500
778,8400,5,5,1977,1977,2020,2,4,2,630,2007,Reg,Inside,144000
779,10530,6,5,1977,1977,1004,1,2,1,504,2006,Reg,Inside,135000
780,7875,7,5,1995,1996,1253,2,3,1,402,2007,Reg,Inside,176000
781,7153,6,5,1992,1992,1603,2,3,1,484,2006,Reg,Inside,175900
782,16285,7,5,2001,2002,1430,2,3,1,605,2009,IR2,Inside,187100
783,9101,5,6,1978,1978,1110,1,1,1,602,2009,IR1,Corner,165500
784,6300,6,6,1914,2001,1484,2,3,1,0,2008,Reg,Inside,128000
785,9790,6,5,1967,1967,1342,2,3,1,457,2009,Reg,Inside,161500
786,10800,5,6,1915,1950,1652,2,4,1,416,2010,Reg,Inside,139000
787,10142,7,5,2004,2004,2084,2,4,1,618,2010,IR1,Inside,233000
788,6000,4,7,1954,2000,901,1,2,1,281,2008,Reg,Corner,107900
789,12205,6,8,1966,2007,2087,2,5,1,444,2007,IR1,Inside,187500
790,3182,7,5,2005,2006,1145,2,2,1,397,2009,Reg,Inside,160200
791,11333,6,5,1976,1976,1062,1,3,1,539,2007,IR1,Corner,146800
792,9920,7,5,1996,1997,2013,2,3,1,455,2007,IR1,CulDSac,269790
793,9158,8,5,2007,2007,1496,2,3,1,474,2007,Reg,Inside,225000
794,10832,7,5,1994,1996,1895,2,3,1,409,2008,IR1,Corner,194500
795,8400,6,6,1980,1981,1564,2,3,1,476,2010,Reg,Inside,171000
796,8197,6,5,1977,1977,1285,1,3,1,528,2007,Reg,Inside,143500
797,7677,5,5,1953,1953,773,1,2,1,240,2008,Reg,Inside,110000
798,13518,9,5,2008,2009,3140,3,4,1,820,2009,Reg,Inside,485000
799,7200,5,7,1937,1950,1768,1,3,1,240,2007,Reg,Corner,175000
800,12798,6,5,1997,1997,1688,2,4,1,603,2008,IR1,Inside,200000
801,4800,4,7,1916,1990,1196,1,2,1,440,2007,Reg,Inside,109900
802,8199,7,5,2005,2005,1456,2,3,1,410,2008,Reg,Inside,189000
803,13891,9,5,2008,2009,2822,3,4,1,1020,2009,Reg,Inside,582933
804,9000,5,5,1954,1954,1128,1,2,1,286,2006,Reg,Inside,118000
805,12274,7,5,2008,2008,1428,2,3,1,554,2008,IR1,FR2,227680
806,9750,5,5,1967,1967,980,2,3,1,384,2006,Reg,Inside,135500
807,21384,5,6,1923,2004,1576,1,3,1,528,2009,Reg,Inside,223500
808,13400,5,5,1966,1966,1086,1,3,1,484,2006,Reg,Inside,159950
809,8100,5,5,1898,1965,2138,2,2,3,360,2009,Reg,Corner,106000
810,10140,6,6,1974,1999,1309,1,3,1,484,2006,Reg,Inside,181000
811,4438,6,5,2004,2004,848,1,1,1,420,2008,Reg,Inside,144500
812,8712,5,5,1952,1952,1044,1,2,1,504,2010,Reg,Inside,55993
813,9750,6,6,1958,1958,1442,1,4,1,301,2007,Reg,Inside,157900
814,8248,5,7,1918,1950,1250,1,3,1,280,2006,Reg,Inside,116000
815,12137,7,5,1998,1998,1661,2,3,1,598,2010,IR2,CulDSac,224900
816,11425,5,6,1954,1954,1008,1,2,1,275,2006,IR1,Corner,137000
817,13265,8,5,2002,2002,1689,2,3,1,857,2008,IR1,CulDSac,271000
818,8816,6,7,1971,1971,1052,1,3,1,440,2010,Reg,Inside,155000
819,6371,7,5,2009,2010,1358,2,2,1,484,2010,IR1,Inside,224000
820,7226,7,5,2003,2003,1640,2,3,1,595,2008,IR1,CulDSac,183000
821,6000,4,4,1953,1953,936,1,2,1,576,2009,Reg,Inside,93000
822,12394,7,5,2003,2003,1733,2,3,1,433,2007,IR1,Corner,225000
823,9900,6,7,1940,1950,1489,2,3,1,240,2009,Reg,Inside,139500
824,11216,8,5,2006,2006,1489,2,3,1,776,2006,Reg,Inside,232600
825,14803,10,5,2007,2008,2084,2,2,1,1220,2008,Reg,Inside,385000
826,6130,5,6,1924,1950,784,1,2,1,0,2008,Reg,Inside,109500
827,8529,7,5,2001,2001,1434,2,3,1,527,2009,IR1,Inside,189000
828,28698,5,5,1967,1967,2126,2,3,1,538,2009,IR2,CulDSac,185000
829,2544,7,5,2005,2005,1223,2,2,1,480,2006,Reg,Inside,147400
830,11900,6,5,1957,1957,1392,1,3,1,458,2008,IR1,Corner,166000
831,3180,7,5,2005,2005,1200,2,2,1,480,2006,Reg,Inside,151000
832,9548,7,6,2003,2003,1829,2,3,1,613,2010,IR1,CulDSac,237000
833,10004,6,6,1964,1964,1516,1,3,1,472,2009,Reg,Inside,167000
834,7875,5,6,1961,1961,1144,1,3,1,456,2008,Reg,Inside,139950
835,9600,4,7,1950,1995,1067,2,2,1,436,2010,Reg,Inside,128000
836,8100,5,6,1948,1973,1559,1,2,1,812,2007,Reg,Inside,153500
837,1680,6,5,1973,1973,987,1,2,1,264,2008,Reg,Inside,100000
838,9525,5,6,1995,2006,1099,1,3,1,352,2008,Reg,Inside,144000
839,11767,5,6,1946,1995,1200,1,3,1,240,2008,Reg,Inside,130500
840,12155,6,8,1925,1950,1482,2,4,1,400,2008,IR1,Inside,140000
841,10440,5,8,1904,2002,1539,2,3,1,686,2008,Reg,Inside,157500
842,9020,6,7,1966,1966,1165,1,3,1,490,2008,Reg,Inside,174900
843,8000,5,4,1961,1961,1800,2,6,2,0,2007,Reg,Corner,141000
844,12665,5,8,1915,1950,1416,1,4,1,720,2008,IR1,Inside,153900
845,16647,5,5,1975,1981,1701,2,3,1,611,2007,IR1,CulDSac,171000
846,9317,7,5,1993,1993,1775,2,3,1,425,2009,Reg,Inside,213000
847,15523,5,6,1972,1972,864,1,3,1,338,2009,IR1,CulDSac,133500
848,45600,6,8,1908,1997,2358,3,5,1,360,2008,IR2,Inside,240000
849,9600,6,7,1976,1994,1855,2,3,1,512,2007,Reg,FR2,187000
850,4435,6,5,2003,2003,848,1,1,1,420,2007,Reg,Inside,131500
851,3196,8,5,2003,2003,1456,2,2,1,400,2006,Reg,Inside,215000
852,7128,7,5,1941,1950,1646,2,4,1,240,2007,Reg,Inside,164000
853,12095,6,6,1964,1964,1445,1,3,1,645,2009,IR1,Corner,158000
854,17920,5,4,1955,1974,1779,1,3,1,454,2006,Reg,Inside,170000
855,6897,5,8,1962,2010,1040,1,3,1,260,2010,IR1,Corner,127000
856,10970,6,6,1978,1978,1026,1,3,1,576,2008,IR1,Inside,147000
857,8125,6,5,1994,1995,1481,2,3,1,343,2009,Reg,Inside,174000
858,10400,7,5,1976,1976,1370,2,3,1,479,2009,Reg,Inside,152000
859,11029,6,7,1968,1984,2654,2,4,1,619,2006,IR1,Corner,250000
860,7642,7,8,1918,1998,1426,1,3,1,216,2007,Reg,Corner,189950
861,11625,5,4,1965,1965,1039,1,3,1,504,2010,Reg,Inside,131500
862,9672,6,5,1984,1985,1097,2,3,1,480,2010,Reg,Corner,152000
863,7931,5,5,1959,1959,1148,1,3,1,672,2009,Reg,Inside,132500
864,8640,7,5,2007,2008,1372,2,3,1,529,2008,Reg,Inside,250580
865,8750,5,6,1970,1970,1002,1,3,1,902,2009,IR1,Inside,148500
866,10656,8,5,2006,2007,1646,2,3,1,870,2007,IR1,Inside,248900
867,6970,4,5,1961,1961,1120,1,3,1,544,2007,Reg,Corner,129000
868,14762,5,6,1948,1950,2320,2,2,1,672,2006,IR2,Corner,169000
869,9938,7,5,1993,1994,1949,2,3,1,574,2010,Reg,Inside,236000
870,6600,5,5,1962,1962,894,1,2,1,308,2009,Reg,Inside,109500
871,8750,6,5,1998,1998,1682,2,3,1,523,2010,Reg,Inside,200500
872,8892,5,7,1953,1996,910,1,3,1,414,2008,Reg,Corner,116000
873,12144,5,7,1949,1950,1268,1,3,1,288,2009,Reg,Inside,133000
874,5720,5,6,1941,1950,1131,1,3,1,200,2009,Reg,Inside,66500
875,9000,8,5,2007,2007,2610,2,4,1,550,2007,Reg,Inside,303477
876,25286,4,5,1963,1963,1040,1,3,1,648,2007,Reg,Inside,132250
877,8834,9,5,2004,2005,2224,2,4,1,738,2009,Reg,Inside,350000
878,11782,5,7,1961,1995,1155,1,3,1,576,2010,IR1,Inside,148000
879,7000,5,8,1978,2005,864,1,3,1,336,2009,IR1,CulDSac,136500
880,7024,5,5,2005,2006,1090,1,2,1,450,2007,Reg,Inside,157000
881,13758,7,5,1990,1991,1717,2,3,1,400,2007,IR1,CulDSac,187500
882,9636,6,5,1992,1993,1593,2,3,1,389,2009,IR1,Corner,178000
883,6204,4,5,1912,1950,2230,1,5,1,440,2006,Reg,Inside,118500
884,7150,5,5,1967,1967,892,1,3,1,288,2009,Reg,Inside,100000
885,5119,9,5,1999,2000,1709,2,2,1,506,2008,IR1,CulDSac,328900
886,8393,5,5,1959,2005,1712,2,4,2,588,2006,Reg,Corner,145000
887,16466,5,7,1955,1955,1393,1,3,1,300,2008,IR1,Inside,135500
888,15865,8,6,1970,1970,2217,2,4,1,621,2007,IR1,Inside,268000
889,12160,6,4,1953,1953,1505,1,2,1,505,2009,Reg,Inside,149500
890,8064,5,7,1949,2006,924,1,3,1,576,2007,Reg,Corner,122900
891,11184,6,5,1978,1978,1683,2,3,1,440,2009,Reg,Inside,172500
892,8414,6,8,1963,2003,1068,1,3,1,264,2006,Reg,Inside,154500
893,13284,5,5,1954,1954,1383,1,3,1,354,2008,Reg,Inside,165000
894,7018,5,5,1979,1979,1535,2,4,2,400,2009,Reg,Inside,118858
895,7056,6,5,1963,1963,1796,1,4,1,483,2008,Reg,Inside,140000
896,8765,4,6,1936,1950,951,1,2,1,327,2006,Reg,Inside,106500
897,7018,5,5,1979,1979,2240,2,6,2,528,2009,Reg,Inside,142953
898,12919,9,5,2009,2010,2364,2,2,1,820,2010,IR1,Inside,611657
899,6993,5,7,1961,1994,1236,1,3,1,288,2006,Reg,Inside,135000
900,7340,4,6,1971,1971,858,1,2,1,684,2007,IR1,Inside,110000
901,8712,5,7,1957,2000,1306,1,2,1,756,2009,IR1,Inside,153000
902,7875,7,5,2003,2003,1509,2,3,1,393,2006,Reg,Inside,180000
903,14859,7,5,2006,2006,1670,2,3,1,690,2006,IR1,CulDSac,240000
904,6173,5,6,1967,1967,902,1,3,1,288,2007,IR1,Inside,125500
905,9920,5,5,1954,1954,1063,1,3,1,280,2010,Reg,Inside,128000
906,13501,8,5,2006,2006,1636,2,3,1,865,2007,IR1,Corner,255000
907,11500,7,7,1936,1987,2057,1,3,1,180,2006,IR1,Inside,250000
908,8885,5,5,1983,1983,902,1,2,1,484,2006,IR1,Inside,131000
909,12589,6,5,2005,2005,1484,2,3,1,390,2009,IR2,Inside,174000
910,11600,5,5,1960,1960,2274,2,5,2,480,2010,Reg,Corner,154300
911,9286,5,7,1977,1989,1268,1,3,1,252,2009,IR1,CulDSac,143500
912,6120,5,7,1925,1950,1015,1,3,1,450,2006,Reg,Inside,88000
913,6270,5,6,1949,1950,2002,2,4,2,871,2007,Reg,Inside,145000
914,3000,6,5,2009,2009,1224,2,2,1,528,2009,Reg,Inside,173733
915,2001,4,5,1970,1970,1092,1,3,1,286,2007,Reg,Inside,75000
916,9000,2,3,1949,1950,480,0,1,1,308,2006,Reg,Inside,35311
917,17140,4,6,1956,1956,1229,1,3,1,284,2009,Reg,Inside,135000
918,13125,7,5,1991,1991,2127,2,4,1,833,2007,IR1,Corner,238000
919,11029,6,8,1958,2002,1414,1,3,1,601,2008,IR1,Corner,176500
920,8462,6,5,1994,1994,1721,2,3,1,471,2007,IR1,Inside,201000
921,8777,5,7,1900,2003,2200,2,4,2,0,2008,Reg,Inside,145900
922,10237,6,5,2005,2006,1316,2,3,1,397,2006,Reg,Inside,169990
923,8012,6,5,1993,1994,1617,2,2,1,533,2008,Reg,Inside,193000
924,10240,6,6,1980,1980,1686,2,3,1,612,2006,Reg,Inside,207500
925,15611,5,6,1977,1977,1126,2,3,1,540,2008,IR1,Corner,175000
926,11999,8,5,2003,2004,2374,2,4,1,656,2007,Reg,Inside,285000
927,9900,7,5,1968,1968,1978,2,4,1,486,2008,Reg,Inside,176000
928,11838,8,5,2001,2001,1788,2,3,1,522,2009,Reg,Inside,236500
929,13006,7,5,1997,1997,2236,2,4,1,642,2006,IR1,Corner,222000
930,8925,8,5,2007,2007,1466,2,3,1,610,2009,IR1,Inside,201000
931,9100,5,6,1965,1965,925,1,2,1,429,2009,Reg,Inside,117500
932,11670,9,5,2006,2006,1905,2,3,1,788,2007,IR1,Corner,320000
933,8487,7,5,2004,2004,1500,2,3,1,570,2009,Reg,FR2,190000
934,27650,7,7,1960,2007,2069,2,4,1,505,2008,IR2,Inside,242000
935,5825,4,5,1926,1953,747,1,1,1,528,2006,IR1,Inside,79900
936,10083,7,5,2003,2003,1200,2,2,1,555,2009,Reg,Inside,184900
937,9675,7,5,2005,2005,1971,2,3,1,689,2009,Reg,Inside,253000
938,8760,7,5,2006,2006,1962,2,3,1,868,2006,Reg,Inside,239799
939,24090,7,7,1940,1950,2403,2,4,1,349,2010,Reg,Inside,244400
940,12640,6,5,1976,1976,1728,2,4,2,574,2006,IR1,Inside,150900
941,8755,7,5,1999,1999,2060,2,3,1,390,2009,IR1,FR2,214000
942,7711,4,3,1977,1977,1440,2,4,2,0,2007,IR1,Inside,150000
943,25000,5,4,1967,1967,1632,2,4,2,576,2007,Reg,Inside,143000
944,14375,6,6,1958,1958,1344,1,3,1,525,2009,IR1,CulDSac,137500
945,8820,5,6,1890,1996,1869,1,2,1,456,2009,Reg,Corner,124900
946,8163,5,6,1959,1959,1144,1,3,1,796,2006,Reg,Inside,143000
947,14536,8,5,2002,2003,1629,2,3,1,808,2007,Reg,Inside,270000
948,14006,7,5,2002,2002,1776,2,3,1,474,2006,IR1,Inside,192500
949,9360,6,7,1972,2006,1381,1,3,1,676,2010,Reg,Inside,197500
950,7200,5,8,1950,2002,864,1,3,1,720,2007,Reg,Inside,129000
951,7800,5,5,1965,1965,965,1,3,1,300,2006,Reg,Corner,119900
952,7200,5,8,1972,2003,768,1,2,1,396,2009,Reg,Inside,133900
953,11075,5,4,1969,1969,1968,2,4,1,530,2008,IR1,Inside,172000
954,9400,6,5,1975,1975,980,2,4,0,0,2006,IR1,CulDSac,127500
955,7136,6,6,1946,1950,1958,2,4,2,492,2007,IR1,Inside,145000
956,1300,6,6,1980,1980,1229,1,2,1,462,2009,Reg,Inside,124000
957,7420,5,5,1962,1962,1057,1,3,1,576,2007,Reg,Inside,132000
958,8450,7,5,2003,2003,1337,2,3,1,531,2007,Reg,Inside,185000
959,2572,7,5,1999,1999,1416,2,3,1,484,2010,Reg,FR2,155000
960,7207,5,7,1958,2008,858,1,2,1,0,2010,IR1,Inside,116500
961,12227,6,7,1977,1995,2872,2,4,1,619,2008,IR1,Corner,272000
962,2308,6,6,1976,1976,1548,2,3,1,440,2007,Reg,Corner,155000
963,11923,9,5,2007,2007,1800,2,2,1,702,2009,IR1,Corner,239000
964,11316,7,5,2002,2003,1894,2,4,1,510,2010,Reg,Corner,214900
965,10237,6,5,2005,2007,1484,2,3,1,393,2007,Reg,Inside,178900
966,9600,5,7,1940,1950,1308,1,2,1,256,2009,IR1,Inside,160000
967,7390,5,7,1955,1955,1098,1,3,1,260,2008,IR1,Inside,135000
968,5925,3,6,1910,1950,968,1,2,1,0,2009,Reg,Inside,37900
969,10382,6,5,1958,1958,1095,1,2,1,264,2006,Reg,Inside,140000
970,10800,4,4,1949,1950,1192,1,4,1,0,2006,Reg,Inside,135000
971,2268,7,5,2003,2004,1626,2,2,1,474,2009,Reg,Inside,173000
972,7892,6,5,1979,1979,918,2,2,1,264,2010,Reg,Inside,99500
973,11639,7,5,2007,2008,1428,2,3,1,480,2008,Reg,Corner,182000
974,11414,7,8,1910,1993,2019,1,3,1,532,2009,IR1,Corner,167500
975,2651,7,5,2000,2000,1382,2,3,1,490,2006,Reg,FR2,165000
976,5900,4,7,1923,1958,869,1,2,1,0,2006,IR1,Inside,85500
977,4274,7,5,2006,2007,1241,1,1,1,569,2007,IR1,Inside,199900
978,9450,4,5,1954,1954,894,1,3,1,400,2007,Reg,Inside,110000
979,8816,5,6,1963,1963,1121,1,3,1,480,2009,Reg,Corner,139000
980,12122,7,9,1961,2007,999,1,3,1,588,2008,IR1,Corner,178400
981,12203,8,5,1998,1999,2612,2,4,1,676,2009,IR1,Corner,336000
982,3182,7,5,2007,2007,1266,2,2,1,388,2008,Reg,Inside,159895
983,11250,8,5,2002,2002,2290,2,4,1,779,2008,Reg,Corner,255900
984,10125,5,5,1977,1977,1734,2,4,2,539,2009,Reg,Inside,126000
985,10880,5,5,1950,1950,1164,1,3,1,240,2008,Reg,Inside,125000
986,5310,6,8,1910,2003,1635,1,2,1,255,2006,Reg,Corner,117000
987,10159,9,5,2009,2010,1940,2,3,1,606,2010,IR1,Inside,395192
988,12046,6,6,1976,1976,2030,2,4,1,551,2007,IR1,Inside,195000
989,8125,7,5,2006,2006,1576,2,3,1,614,2006,Reg,Inside,197000
990,9452,8,5,1997,1998,2392,2,3,1,870,2006,Reg,Inside,348000
991,17671,8,9,1882,1986,1742,1,4,1,424,2009,Reg,Corner,168000
992,9760,6,8,1964,1993,1851,2,3,1,440,2007,Reg,Inside,187000
993,8846,6,5,2005,2006,1500,2,3,1,564,2006,Reg,Inside,173900
994,12456,10,5,2006,2007,1718,2,3,1,786,2009,Reg,FR2,337500
995,4712,4,7,1946,1950,1230,1,3,1,305,2006,IR1,Inside,121600
996,10659,5,6,1961,1961,1050,1,3,1,368,2006,IR1,Inside,136500
997,11717,6,6,1970,1970,1442,2,2,1,615,2009,IR1,Inside,185000
998,9786,3,4,1922,1950,1077,1,3,1,210,2006,Reg,Inside,91000
999,6762,7,5,2006,2006,1208,2,2,1,632,2010,Reg,Inside,206000
1000,10206,3,3,1952,1952,944,1,2,1,528,2009,Reg,Corner,82000
1001,5400,5,6,1920,1950,691,1,2,1,216,2007,Reg,Corner,86000
1002,11957,8,5,2006,2006,1574,2,3,1,824,2008,IR1,Inside,232000
1003,11500,5,6,1976,1976,1680,2,4,2,528,2007,IR1,Corner,136905
1004,3182,7,5,2005,2006,1504,2,1,1,457,2009,Reg,Inside,181000
1005,8385,5,8,1977,1977,985,2,3,1,328,2008,Reg,Inside,149900
1006,12155,6,3,1970,1970,1657,2,3,1,484,2007,IR3,Inside,163500
1007,2217,4,4,1970,1970,1092,1,3,1,286,2009,Reg,Inside,88000
1008,12118,7,5,2004,2005,1710,2,3,1,550,2009,IR1,CulDSac,240000
1009,6000,5,5,1926,1950,1522,2,4,1,0,2006,Reg,Inside,102000
1010,21286,5,5,1948,1950,1271,2,4,1,312,2008,Reg,Inside,135000
1011,9825,5,5,1965,1965,1664,2,4,2,0,2010,Reg,Inside,100000
1012,10592,6,7,1923,1996,1502,1,3,1,180,2007,Reg,Inside,165000
1013,7200,5,4,1910,2006,1022,1,2,1,280,2009,Reg,Inside,85000
1014,11664,6,5,1948,1950,1082,1,2,1,240,2007,Reg,Inside,119200
1015,8400,8,6,2001,2001,1665,2,3,1,528,2009,Reg,Inside,227000
1016,11883,7,5,1996,1996,1504,2,3,1,478,2009,Reg,Inside,203000
1017,5814,8,5,1984,1984,1360,1,1,1,565,2009,IR1,CulDSac,187500
1018,10784,7,5,1991,1992,1472,2,3,1,402,2007,IR1,FR2,160000
1019,3013,7,5,2005,2005,1506,2,2,1,440,2006,Reg,Inside,213490
1020,7024,4,5,2005,2005,1132,1,2,1,451,2008,Reg,Inside,176000
1021,7406,7,5,2006,2006,1220,2,2,1,632,2006,Reg,Inside,194000
1022,9439,5,5,1930,1950,1248,1,2,1,160,2007,Reg,Inside,87000
1023,3182,7,5,2005,2006,1504,2,2,1,437,2008,Reg,Inside,191000
1024,15498,8,6,1976,1976,2898,2,2,1,665,2008,IR1,Corner,287000
1025,7700,5,5,1972,1972,882,1,3,1,461,2007,Reg,Corner,112500
1026,9300,5,5,1960,1960,1264,1,3,1,461,2010,Reg,Inside,167500
1027,9520,8,5,2007,2008,1646,2,3,1,800,2008,IR1,Inside,293077
1028,9492,5,5,1941,1950,1376,1,3,1,240,2007,Reg,Inside,105000
1029,1680,6,7,1972,1972,1218,1,3,1,264,2006,Reg,Inside,118000
1030,7082,5,8,1916,1995,1928,2,5,2,0,2006,Reg,Inside,160000
1031,15863,7,3,1920,1970,3082,2,5,1,672,2009,Reg,Corner,197000
1032,14541,8,7,1993,1993,2520,2,5,1,796,2006,IR1,Corner,310000
1033,8125,7,5,2002,2002,1654,2,3,1,900,2006,Reg,Inside,230000
1034,6305,5,7,1938,1950,954,1,2,1,240,2007,Reg,Inside,119750
1035,11500,4,3,1957,1957,845,1,3,1,290,2009,IR1,CulDSac,84000
1036,12898,9,5,2007,2008,1620,2,2,1,912,2009,IR1,Inside,315500
1037,9240,8,5,2001,2002,2263,2,3,1,905,2008,Reg,Inside,287000
1038,1533,4,6,1970,2008,1344,1,3,1,0,2009,Reg,Inside,97000
1039,1477,4,4,1970,1970,630,1,1,1,286,2009,Reg,Inside,80000
1040,13125,5,4,1957,2000,1803,2,3,1,484,2006,Reg,Corner,155000
1041,9130,6,8,1966,2000,1632,1,4,1,484,2008,Reg,Inside,173000
1042,5381,6,5,2005,2005,1306,2,1,1,624,2009,IR1,Inside,196000
1043,11839,7,5,1990,1990,2329,2,4,1,514,2008,Reg,Inside,262280
1044,9600,8,5,1981,1981,2524,2,4,1,542,2009,Reg,Inside,278000
1045,13680,3,5,1955,1955,1733,2,4,1,452,2009,IR1,CulDSac,139600
1046,16056,9,5,2005,2006,2868,3,4,1,716,2006,IR1,Inside,556581
1047,9245,5,5,1994,1995,990,1,3,1,672,2008,IR2,Inside,145000
1048,21750,5,4,1960,2006,1771,1,3,1,336,2009,Reg,Inside,115000
1049,11100,4,7,1946,2006,930,1,2,1,308,2010,Reg,Inside,84900
1050,8993,7,5,2007,2007,1302,2,3,1,436,2007,IR1,Inside,176485
1051,11175,7,5,2007,2007,1316,2,3,1,440,2007,IR1,Corner,200141
1052,9500,6,6,1964,1978,1977,1,4,1,540,2007,Reg,Corner,165000
1053,8562,5,6,1957,2002,1526,1,4,1,364,2010,Reg,Inside,144500
1054,11367,8,5,2002,2002,1989,2,3,1,586,2006,Reg,Corner,255000
1055,11361,6,5,1976,1976,1523,2,3,1,478,2008,Reg,Inside,180000
1056,7052,7,5,2005,2005,1364,2,2,1,484,2006,IR1,Inside,185850
1057,29959,7,6,1994,1994,1850,2,3,1,467,2009,IR2,FR2,248000
1058,11308,9,5,2008,2008,2184,2,3,1,836,2009,IR1,Inside,335000
1059,11275,6,7,1932,1950,1991,1,3,1,432,2007,IR1,Corner,220000
1060,4920,8,5,2001,2001,1338,2,2,1,582,2010,Reg,Inside,213500
1061,18000,3,4,1935,1950,894,1,2,1,1248,2008,Reg,Inside,81000
1062,13600,5,5,1900,1950,2337,2,5,2,560,2007,Reg,Inside,90000
1063,6000,6,6,1925,1980,1103,1,2,1,440,2006,Reg,Inside,110500
1064,11000,5,6,1966,1966,1154,1,3,1,480,2009,IR1,CulDSac,154000
1065,14000,7,5,1996,1997,2260,2,3,1,533,2010,Reg,Inside,328000
1066,7837,6,7,1993,1994,1571,2,3,1,380,2009,IR1,Inside,178000
1067,9760,6,6,1964,1964,1611,1,4,1,442,2008,Reg,Inside,167900
1068,3964,6,4,1973,1973,2521,2,5,1,576,2006,Reg,Inside,151400
1069,9600,5,7,1949,2003,893,1,2,1,576,2007,Reg,Inside,135000
1070,10152,5,5,1956,1956,1048,1,3,1,286,2007,Reg,Inside,135000
1071,11700,6,6,1968,1968,1556,1,4,1,441,2009,Reg,Inside,154000
1072,7585,5,3,1948,1950,1456,1,4,1,280,2006,Reg,Inside,91500
1073,7950,6,6,1977,1977,1426,1,3,1,440,2009,IR1,Corner,159500
1074,8556,7,5,2006,2006,1240,2,2,1,826,2007,Reg,Inside,194000
1075,13125,7,6,1940,1984,1740,1,3,1,240,2007,Reg,Inside,219500
1076,10800,5,8,1936,1989,1466,2,3,1,566,2006,Reg,Inside,170000
1077,15870,5,5,1969,1969,1096,1,3,1,299,2006,IR1,Corner,138800
1078,4435,6,5,2004,2004,848,1,1,1,420,2006,Reg,Inside,155900
1079,8775,5,5,1994,1994,990,1,3,1,299,2007,Reg,Inside,126000
1080,11040,6,7,1971,2004,1258,2,3,1,528,2008,Reg,Inside,145000
1081,7500,5,5,1963,1963,1040,1,3,1,308,2010,Reg,Corner,133000
1082,8749,7,5,2002,2002,1459,2,3,1,527,2007,Reg,Inside,192000
1083,8800,6,6,1964,1964,1251,1,3,1,461,2006,Reg,Inside,160000
1084,13031,6,5,1995,1996,1498,2,3,1,409,2006,IR2,Corner,187500
1085,9069,6,6,1992,1992,996,1,2,1,564,2010,Reg,Inside,147000
1086,1974,4,5,1973,1973,1092,1,3,1,286,2010,Reg,Inside,83500
1087,10574,8,5,2005,2006,1953,2,3,1,1043,2009,Reg,Inside,252000
1088,2522,7,5,2004,2004,1709,2,3,1,380,2006,Reg,Inside,137500
1089,3316,8,5,2005,2005,1247,1,1,1,550,2006,IR1,Inside,197000
1090,8544,3,4,1950,1950,1040,2,2,2,400,2009,Reg,Corner,92900
1091,2160,7,5,1999,2000,1252,2,2,1,462,2008,Reg,Inside,160000
1092,8400,6,5,1925,1950,1694,2,4,1,576,2008,Reg,Inside,136500
1093,9230,5,8,1965,1998,1200,1,1,1,884,2006,Reg,Corner,146000
1094,5868,5,7,1956,2000,936,1,2,1,308,2010,Reg,Inside,129000
1095,9317,6,5,2006,2006,1314,2,3,1,440,2007,IR1,Inside,176432
1096,6882,6,7,1914,2006,1355,1,3,1,0,2007,Reg,Inside,127000
1097,3696,8,5,1986,1986,1088,1,2,1,461,2007,Reg,Inside,170000
1098,6000,4,6,1936,1950,1324,1,3,1,240,2009,Reg,Inside,128000
1099,11880,7,5,1978,1978,1601,2,3,1,478,2009,IR1,Inside,157000
1100,8400,2,5,1920,1950,438,1,1,1,246,2009,Reg,Inside,60000
1101,9758,5,5,1971,1971,950,1,3,1,280,2007,IR1,Inside,119500
1102,7000,5,7,1960,2002,1134,1,2,1,254,2007,Reg,Inside,135000
1103,8910,6,6,1959,1959,1194,1,3,1,539,2006,Reg,Corner,159500
1104,2016,5,5,1970,1970,1302,2,3,1,440,2007,Reg,Inside,106000
1105,12256,8,5,1994,1995,2622,2,3,1,712,2010,IR1,Corner,325000
1106,10357,7,5,1990,1991,1442,2,3,1,719,2007,IR1,Corner,179900
1107,23257,7,5,2006,2006,2021,2,3,1,422,2006,IR3,CulDSac,274725
1108,8063,6,5,2000,2000,1690,2,3,1,463,2007,Reg,Inside,181000
1109,11362,8,5,2004,2005,1836,2,3,1,862,2009,IR1,Inside,280000
1110,8000,6,5,1995,1996,1658,2,3,1,431,2008,Reg,Inside,188000
1111,10480,7,6,1976,1976,1964,2,4,1,483,2008,Reg,Inside,205000
1112,7100,5,7,1957,1957,816,1,2,1,308,2006,IR1,Corner,129900
1113,8923,5,7,1953,2006,1008,1,2,1,240,2007,Reg,Inside,134500
1114,5400,5,7,1954,2000,833,1,2,1,326,2006,Reg,Inside,117000
1115,12085,8,5,2007,2007,1734,2,3,1,928,2007,Reg,Inside,318000
1116,7750,8,5,2002,2002,1419,2,3,1,527,2009,Reg,Inside,184100
1117,9764,5,7,1967,2003,894,1,3,1,450,2008,IR1,FR2,130000
1118,13825,5,6,1958,1987,1601,1,3,1,300,2008,Reg,Inside,140000
1119,7560,5,5,1959,1959,1040,1,3,1,286,2006,Reg,Inside,133700
1120,8263,6,5,1920,1950,1012,1,2,1,308,2007,Reg,Inside,118400
1121,10084,7,5,2005,2006,1552,2,3,1,782,2006,Reg,Inside,212900
1122,8926,4,3,1956,1956,960,1,3,1,288,2009,IR1,Corner,112000
1123,9405,5,9,1947,2008,698,1,2,1,0,2009,Reg,Inside,118000
1124,9125,7,5,1992,1992,1482,2,3,1,392,2007,IR1,Inside,163900
1125,10434,4,5,1955,1955,1005,1,2,1,672,2009,Reg,Inside,115000
1126,3684,7,5,2007,2007,1555,2,2,1,660,2009,Reg,Inside,174000
1127,14572,7,5,2004,2004,1530,2,3,1,630,2007,IR3,Corner,259000
1128,11796,7,5,2004,2005,1959,2,4,1,434,2007,IR1,Inside,215000
1129,7200,5,5,1980,1980,936,1,2,1,672,2007,Reg,Inside,140000
1130,7804,4,3,1928,1950,1981,2,4,1,576,2009,Reg,Inside,135000
1131,10712,5,5,1991,1992,974,1,3,1,0,2007,Reg,Inside,93500
1132,9900,6,4,1880,1950,2210,2,5,1,205,2007,Reg,Inside,117500
1133,9828,8,5,1995,1995,2020,2,3,1,466,2009,IR1,Inside,239500
1134,8773,6,5,1997,1997,1600,2,3,1,460,2007,IR1,Inside,169000
1135,6180,6,5,1926,1950,986,1,2,1,180,2007,Reg,Corner,102000
1136,9600,6,5,1950,1950,1252,1,3,1,288,2008,Reg,Inside,119000
1137,6342,5,8,1875,1996,1020,1,2,1,0,2010,Reg,Inside,94000
1138,9819,6,5,1977,1977,1567,2,2,1,714,2009,IR1,Inside,196000
1139,8731,5,5,1920,1950,1167,1,3,1,495,2007,IR1,Inside,144000
1140,7350,5,7,1951,1951,952,1,2,1,840,2008,Reg,Corner,139000
1141,10304,5,7,1976,1976,1868,2,4,1,484,2009,IR1,CulDSac,197500
1142,9965,8,5,2006,2007,2828,3,4,1,1052,2007,Reg,Inside,424870
1143,9000,5,3,1959,1959,1006,1,3,1,0,2008,Reg,Inside,80000
1144,12180,4,4,1941,1950,924,1,2,1,280,2010,Reg,Inside,80000
1145,6240,5,6,1928,1950,1576,1,3,1,225,2006,Reg,Inside,149000
1146,11200,6,5,1985,1985,1298,2,3,1,403,2006,Reg,Inside,180000
1147,12000,7,7,1941,1950,1564,1,3,1,234,2009,Reg,Inside,174500
1148,5700,7,7,1926,1950,1111,1,2,1,288,2008,Reg,Inside,116900
1149,9000,7,9,1920,1988,1482,1,3,1,324,2009,Reg,Inside,143000
1150,8280,6,5,1950,1950,932,1,2,1,306,2007,IR1,Inside,124000
1151,17755,5,4,1959,1959,1466,1,3,1,528,2006,Reg,Inside,149900
1152,14115,6,7,1956,2004,1811,1,2,1,470,2006,IR1,Inside,230000
1153,5890,6,8,1930,2007,816,1,2,1,432,2008,Reg,Corner,120500
1154,13700,7,6,1965,1988,1820,1,4,1,492,2008,IR1,Inside,201800
1155,10768,5,8,1976,2004,1437,2,3,1,528,2007,IR1,Corner,218000
1156,9350,5,8,1965,1999,1265,2,3,1,502,2008,Reg,Inside,179900
1157,5001,7,5,2007,2008,1314,2,2,1,626,2009,IR1,Inside,230000
1158,11932,8,5,2007,2008,1580,2,3,1,830,2008,Reg,FR2,235128
1159,9120,6,6,1974,1974,1876,2,4,1,540,2008,Reg,Inside,185000
1160,2280,6,5,1978,1978,1456,2,3,1,440,2010,Reg,Inside,146000
1161,14778,6,7,1954,2006,1640,1,3,1,924,2008,IR1,CulDSac,224000
1162,8724,5,5,1968,1968,894,1,3,1,450,2007,Reg,Inside,129000
1163,12900,4,4,1969,1969,1258,0,0,2,400,2008,Reg,Inside,108959
1164,16157,5,7,1978,1978,1432,1,2,1,588,2007,IR1,FR2,194000
1165,9541,7,5,2009,2009,1502,2,3,1,644,2009,IR1,Inside,233170
1166,10475,8,5,2008,2008,1694,2,3,1,776,2010,IR1,Corner,245350
1167,10852,6,5,2000,2000,1671,2,3,1,472,2006,IR1,Inside,173000
1168,13728,6,7,1935,1986,2108,2,4,1,540,2008,Reg,Corner,235000
1169,35760,10,5,1995,1996,3627,3,4,1,807,2006,IR1,CulDSac,625000
1170,9880,6,6,1977,1977,1118,1,3,1,358,2008,Reg,Inside,171000
1171,9120,6,6,1958,1958,1261,1,3,1,433,2008,Reg,Inside,163000
1172,4017,7,5,2006,2007,1250,2,2,1,625,2008,IR1,Inside,171900
1173,18030,5,6,1946,1994,3086,3,3,1,0,2007,IR1,Inside,200500
1174,16560,6,8,1932,1950,2345,2,4,1,360,2006,IR1,Inside,239000
1175,10678,8,5,1992,2000,2872,2,4,1,541,2007,Reg,Inside,285000
1176,6951,5,5,1984,1985,923,1,3,1,264,2008,IR1,CulDSac,119500
1177,3950,6,8,1926,2004,1224,1,3,1,210,2009,Reg,Inside,115000
1178,7681,5,6,1921,1950,1343,1,3,1,186,2009,IR1,FR2,154900
1179,8335,5,5,1954,1954,1124,1,3,1,0,2006,Reg,Corner,93000
1180,11170,7,5,1990,1991,2514,2,4,1,693,2006,IR2,Corner,250000
1181,5587,8,5,2008,2008,1652,2,2,1,482,2008,IR1,Inside,392500
1182,15623,10,5,1996,1996,4476,3,4,1,813,2007,IR1,Corner,745000
1183,10800,5,6,1920,1950,1130,1,2,1,720,2006,Reg,Inside,120000
1184,35133,5,4,1963,1963,1572,1,3,1,995,2007,Reg,Inside,186700
1185,9738,5,7,1924,1950,1221,1,4,1,392,2006,Reg,Inside,104900
1186,10615,3,5,1900,1970,1699,2,3,2,420,2009,IR1,Corner,95000
1187,12461,8,5,1994,1995,1624,2,2,1,757,2006,Reg,Corner,262000
1188,8935,7,5,2002,2002,1660,2,3,1,493,2009,IR1,Inside,195000
1189,7500,7,5,1999,1999,1804,2,3,1,442,2010,Reg,Inside,189000
1190,32463,4,4,1961,1975,1622,1,3,1,1356,2007,Reg,Inside,168000
1191,2645,8,5,1999,2000,1441,2,2,1,492,2007,Reg,Inside,174000
1192,9600,5,8,1925,1994,1472,1,3,1,250,2007,Reg,Inside,125000
1193,4500,6,5,1999,1999,1224,2,2,1,402,2009,Reg,FR2,165000
1194,9364,6,7,1969,1969,1352,1,4,1,299,2010,Reg,Corner,158000
1195,8029,6,5,2005,2005,1456,2,3,1,400,2008,IR1,Inside,176000
1196,14054,7,5,2006,2006,1863,2,4,1,660,2006,IR1,Inside,219210
1197,8850,7,6,1916,1950,1690,1,3,1,225,2006,IR1,Corner,144000
1198,9100,7,5,2001,2001,1212,2,3,1,573,2009,Reg,Inside,178000
1199,11235,4,5,1963,1979,1382,1,3,1,459,2006,Reg,Inside,148000
1200,9353,4,5,1970,1970,864,1,3,1,280,2006,Reg,Inside,116050
1201,10400,7,5,1998,1998,1779,2,3,1,546,2009,Reg,Corner,197900
1202,6000,5,8,1925,1997,1348,1,3,1,216,2009,Reg,Corner,117000
1203,9750,7,5,2000,2001,1630,2,3,1,451,2009,Reg,Inside,213000
1204,10140,5,6,1975,1975,1074,1,3,1,495,2006,Reg,Inside,153500
1205,14684,7,7,1990,1991,2196,2,3,1,701,2009,IR1,CulDSac,271900
1206,8900,4,4,1966,1966,1056,1,2,1,384,2006,Reg,Inside,107000
1207,9135,6,5,2003,2003,1700,2,3,1,544,2006,Reg,Inside,200000
1208,7763,5,7,1962,1980,1283,1,3,1,506,2008,Reg,Inside,140000
1209,10182,8,5,2006,2006,1660,2,3,1,500,2006,IR1,CulDSac,290000
1210,11218,6,5,1992,1992,1845,2,3,1,462,2010,Reg,Inside,189000
1211,12134,8,7,1988,2005,1752,2,4,1,492,2010,IR1,Inside,164000
1212,9340,4,6,1941,1950,672,1,2,1,234,2009,Reg,Inside,113000
1213,10246,4,9,1965,2001,960,0,0,1,364,2006,IR1,CulDSac,145000
1214,10205,5,5,1962,1962,999,1,3,1,300,2006,IR1,Inside,134500
1215,7094,5,5,1966,1966,894,1,3,1,384,2007,IR1,Inside,125000
1216,8930,6,5,1978,1978,1902,2,4,2,539,2010,Reg,Inside,112000
1217,8640,8,5,2009,2009,1314,2,3,1,552,2009,Reg,Inside,229456
1218,6240,4,5,1947,1950,912,1,2,1,0,2006,Reg,Inside,80500
1219,1680,6,5,1971,1971,1218,1,3,1,0,2006,Reg,Inside,91500
1220,7800,5,5,1964,1964,912,1,2,1,288,2006,IR1,Inside,115000
1221,8250,5,5,1968,1968,1211,1,3,1,322,2008,Reg,Inside,134000
1222,10496,6,6,1949,1950,1846,2,3,1,315,2007,Reg,Inside,143000
1223,10680,5,3,1951,1951,2136,2,4,1,528,2006,Reg,Inside,137900
1224,15384,7,5,2004,2005,1490,2,3,1,388,2008,IR1,Inside,184000
1225,10482,6,8,1958,1958,1138,1,3,1,264,2007,Reg,Inside,145000
1226,14598,6,5,2007,2007,1933,2,4,1,668,2008,IR1,CulDSac,214000
1227,8872,5,8,1965,2008,912,1,2,1,576,2008,Reg,Corner,147000
1228,8769,9,5,2008,2008,1702,1,1,1,1052,2008,Reg,Corner,367294
1229,7910,5,5,1960,1960,1507,2,4,1,404,2008,Reg,Inside,127000
1230,18890,5,5,1977,1977,2620,2,4,2,600,2007,IR1,Inside,190000
1231,7728,5,6,1962,1962,1190,1,3,1,540,2006,Reg,Inside,132500
1232,9842,4,5,1962,1962,1224,2,2,2,462,2007,Reg,FR2,101800
1233,12160,5,5,1959,1959,1188,1,3,1,531,2010,IR1,Inside,142000
1234,8525,5,6,1911,1950,1964,1,4,1,0,2008,Reg,Inside,130000
1235,13132,5,5,1914,1950,1784,1,4,1,180,2006,Reg,Inside,138887
1236,2628,7,5,2003,2003,1626,2,2,1,474,2010,Reg,Inside,175500
1237,12393,7,5,2004,2005,1948,2,4,1,434,2006,IR2,FR2,195000
1238,13072,6,5,2005,2005,1141,1,3,1,484,2006,Reg,Inside,142500
1239,9037,8,5,2006,2006,1484,2,2,1,472,2007,IR1,Inside,265900
1240,8158,7,5,2003,2003,1768,2,3,1,543,2008,Reg,Inside,224900
1241,9849,7,6,2007,2007,1689,2,3,1,954,2007,Reg,Inside,248328
1242,10625,7,6,1974,1974,1173,2,3,1,528,2010,Reg,Inside,170000
1243,13891,10,5,2006,2006,2076,2,2,1,850,2006,Reg,Inside,465000
1244,11435,8,7,1929,1950,1517,1,3,1,400,2006,IR1,Corner,230000
1245,12090,6,7,1984,2003,1868,3,3,1,477,2007,Reg,Inside,178000
1246,8125,7,5,2005,2006,1553,2,3,1,615,2006,Reg,Inside,186500
1247,12328,6,5,1976,1976,1034,1,3,1,888,2010,IR1,Inside,169900
1248,9600,6,5,1917,1950,2058,1,3,1,396,2008,Reg,Inside,129500
1249,7200,5,7,1950,1950,988,1,3,1,276,2007,Reg,Inside,119000
1250,11160,7,5,1968,1968,2110,2,3,1,522,2010,Reg,Corner,244000
1251,3136,7,5,2003,2003,1405,2,2,1,478,2006,IR1,Corner,171750
1252,9858,5,6,1968,1968,874,1,3,1,288,2009,Reg,Inside,130000
1253,17542,7,7,1974,2003,2167,2,3,1,518,2007,IR1,Inside,294000
1254,6931,7,5,2003,2004,1656,2,3,1,397,2008,Reg,Inside,165400
1255,6240,6,6,1931,1950,1367,1,3,1,560,2007,Reg,Inside,127500
1256,14303,8,5,1994,1994,1987,2,2,1,691,2008,IR1,Corner,301500
1257,4060,5,8,1922,1950,864,1,2,1,0,2009,Reg,Corner,99900
1258,9587,7,5,2005,2005,1166,2,2,1,400,2008,IR1,Inside,190000
1259,9750,6,8,1969,1969,1054,1,3,1,460,2008,Reg,FR2,151000
1260,24682,6,5,1999,1999,1675,2,3,1,502,2009,IR3,CulDSac,181000
1261,9600,5,6,1956,1956,1050,1,2,1,338,2009,Reg,Inside,128900
1262,11250,4,5,1957,1989,1788,1,5,1,304,2009,Reg,Inside,161500
1263,13515,6,6,1919,1950,1824,1,3,1,520,2007,Reg,Inside,180500
1264,4060,6,5,1998,1999,1337,2,2,1,511,2008,Reg,Inside,181000
1265,3735,7,5,1999,1999,1452,2,3,1,506,2006,Reg,FR3,183900
1266,10120,7,4,1910,1950,1889,1,4,2,308,2007,IR1,Inside,122000
1267,13214,9,5,2008,2009,2018,2,3,1,746,2010,IR1,Inside,378500
1268,14100,8,9,1935,1997,3447,3,4,1,1014,2008,IR1,Inside,381000
1269,11344,5,5,1958,1958,1524,1,3,1,315,2007,Reg,Inside,144000
1270,23595,7,6,1979,1979,1524,0,0,1,586,2010,Reg,Inside,260000
1271,9156,6,7,1968,1968,1489,2,3,1,462,2009,IR1,Inside,185750
1272,13526,5,6,1965,1965,935,1,3,1,288,2006,IR1,CulDSac,137000
1273,11512,6,7,1959,2006,1357,1,2,1,312,2008,IR1,Corner,177000
1274,5362,5,6,1910,2003,1250,2,3,1,552,2007,Reg,Corner,139000
1275,11345,5,5,1948,1950,1920,2,4,2,400,2007,Reg,Corner,137000
1276,12936,6,6,1972,1972,1395,1,3,1,497,2009,IR1,CulDSac,162000
1277,17871,6,5,1967,1976,1724,1,3,1,480,2009,IR1,CulDSac,197900
1278,9473,8,5,2002,2002,2031,2,3,1,577,2008,Reg,Inside,237000
1279,7500,4,4,1920,1950,1128,1,2,1,528,2010,Reg,Inside,68400
1280,9808,7,5,2002,2002,1573,2,3,1,544,2009,IR1,Inside,227000
1281,8049,7,5,1990,1990,1339,2,2,1,484,2006,IR1,CulDSac,180000
1282,8800,5,7,1977,2008,1040,2,3,1,484,2009,IR1,Inside,150500
1283,9400,6,5,1971,1971,1824,2,4,2,0,2010,Reg,Corner,139000
1284,9638,6,7,1919,1990,2447,2,4,1,336,2010,Reg,Inside,169000
1285,6000,6,6,1939,1950,1412,1,4,1,280,2009,Reg,Inside,132500
1286,9790,6,5,1963,1963,1328,1,3,1,528,2010,Reg,Inside,143000
1287,36500,5,5,1964,1964,1582,2,4,1,390,2006,IR1,Inside,190000
1288,5664,8,5,2000,2000,1659,2,2,1,499,2009,IR1,Inside,278000
1289,11065,8,5,2006,2006,1970,2,3,1,753,2006,IR1,Inside,281000
1290,14112,5,7,1964,1964,1152,1,3,1,484,2010,IR1,Corner,180500
1291,1680,5,7,1972,1972,1302,2,3,1,264,2009,Reg,Inside,119500
1292,6600,5,4,1892,1965,2372,2,4,2,432,2009,Reg,Corner,107500
1293,10140,7,5,1976,1976,1664,2,4,1,528,2006,Reg,Inside,162900
1294,8172,5,7,1955,1990,864,1,2,1,572,2006,Reg,Inside,115000
1295,8400,5,5,1968,1968,1052,1,3,1,288,2006,Reg,Inside,138500
1296,8700,5,6,1963,1963,1128,2,3,1,525,2008,Reg,Inside,155000
1297,3675,6,5,2005,2006,1072,2,2,1,525,2006,Reg,Inside,140000
1298,63887,10,5,2008,2008,5642,2,3,1,1418,2008,IR3,Corner,160000
1299,7500,5,7,1959,1994,1246,1,3,1,305,2010,Reg,Inside,154000
1300,10762,7,5,1999,1999,1983,2,3,1,490,2009,IR1,CulDSac,225000
1301,7500,6,7,1942,1950,1494,1,3,1,213,2009,IR1,Inside,177500
1302,10120,8,5,1994,1994,2526,2,4,1,844,2006,Reg,Inside,290000
1303,8688,7,5,2005,2005,1616,2,3,1,834,2006,Reg,Inside,232000
1304,3363,7,5,2004,2004,1708,2,3,1,380,2006,Reg,Inside,130000
1305,13173,9,5,2006,2007,1652,2,2,1,840,2009,IR1,Corner,325000
1306,6955,7,5,2005,2006,1368,2,2,1,474,2006,IR1,Inside,202500
1307,8072,5,5,1994,1995,990,1,3,1,480,2009,Reg,Inside,138000
1308,12000,5,7,1948,2005,1122,1,2,1,528,2008,Reg,Inside,147000
1309,7153,6,5,1991,1991,1294,2,3,1,496,2008,Reg,Inside,179200
1310,17500,7,8,1959,2002,1902,2,3,1,567,2010,Reg,Inside,335000
1311,8814,7,5,2005,2007,1274,2,3,1,508,2007,Reg,Inside,203000
1312,9572,8,5,1990,1990,2810,2,4,1,750,2007,IR1,Inside,302000
1313,14774,9,5,1999,1999,2599,2,4,1,779,2010,IR1,Corner,333168
1314,8190,4,6,1954,1954,948,1,3,1,280,2007,Reg,Inside,119000
1315,11075,6,5,1969,1969,2112,2,4,1,576,2008,Reg,Inside,206900
1316,10226,8,5,2008,2008,1630,2,3,1,860,2009,IR1,Inside,295493
1317,4230,7,5,2006,2007,1352,2,2,1,466,2007,Reg,Corner,208900
1318,14781,8,5,2001,2002,1787,2,3,1,748,2006,IR2,CulDSac,275000
1319,10215,4,5,1954,1954,948,1,3,1,248,2007,Reg,Inside,111000
1320,8400,6,3,1957,1957,1478,1,3,1,442,2009,Reg,Inside,156500
1321,6627,3,6,1949,1950,720,1,2,1,287,2008,IR1,Corner,72500
1322,10186,7,5,1992,1992,1923,2,3,1,564,2010,IR1,Inside,190000
1323,5330,4,7,1940,1950,708,1,2,1,0,2009,Reg,Inside,82500
1324,9986,8,5,2006,2007,1795,2,2,1,895,2007,Reg,Inside,147000
1325,3636,4,4,1922,1950,796,1,2,1,0,2008,Reg,Inside,55000
1326,4270,3,6,1931,2006,774,1,3,1,0,2007,Reg,Inside,79000
1327,6600,5,9,1982,2008,816,1,3,1,264,2008,Reg,Inside,130500
1328,10440,6,7,1920,1950,2792,2,5,1,520,2008,Reg,Corner,256000
1329,9084,7,5,1998,1998,1632,2,3,1,462,2006,IR1,Inside,176500
1330,10000,8,5,2006,2006,1588,2,3,1,825,2007,Reg,Inside,227000
1331,10780,5,5,1976,1976,954,1,3,1,576,2006,IR1,Inside,132500
1332,8877,4,6,1938,1958,816,1,2,1,288,2009,Reg,Inside,100000
1333,7200,5,6,1938,1995,1360,1,2,1,297,2006,Reg,Corner,125500
1334,2368,5,6,1970,1970,1365,1,3,1,440,2009,Reg,Inside,125000
1335,9650,6,5,1977,1977,1334,2,2,1,630,2009,Reg,Inside,167900
1336,9246,5,5,1973,1973,1656,2,4,2,506,2008,IR1,Inside,135000
1337,4118,4,4,1941,1950,693,1,2,1,0,2006,IR1,Corner,52500
1338,13450,7,5,2002,2002,1861,2,3,1,492,2006,IR1,Corner,200000
1339,9560,5,7,1972,1972,864,1,3,1,288,2006,IR1,Corner,128500
1340,8294,4,5,1971,1971,872,1,3,1,480,2007,Reg,Inside,123000
1341,13695,6,5,2003,2004,1114,1,3,1,576,2008,Reg,Inside,155000
1342,9375,8,5,2002,2002,2169,2,3,1,647,2007,Reg,Inside,228500
1343,7558,6,6,1928,1950,1913,1,3,1,342,2009,Reg,Inside,177000
1344,11103,7,5,2006,2006,1456,2,3,1,440,2007,IR1,Corner,155835
1345,6000,4,4,1920,1950,960,1,2,1,308,2007,Reg,Inside,108500
1346,20781,7,7,1968,2003,2156,2,3,1,508,2006,IR2,CulDSac,262500
1347,15306,8,5,2006,2007,1776,2,3,1,712,2007,IR1,Corner,283463
1348,16196,7,5,1998,1998,1494,2,3,1,514,2007,IR3,Inside,215000
1349,5250,8,5,1872,1987,2358,2,4,1,0,2008,Reg,Inside,122000
1350,11643,5,5,1969,1969,2634,2,6,2,968,2009,Reg,Inside,200000
1351,9247,6,6,1962,1962,1716,1,4,1,490,2008,IR1,Inside,171000
1352,6000,6,9,1937,2000,1176,1,2,1,624,2009,Reg,Inside,134900
1353,14720,8,5,1995,1996,3238,2,4,1,666,2010,IR1,CulDSac,410000
1354,10316,7,5,2000,2000,1865,2,3,1,839,2008,IR1,Inside,235000
1355,10192,7,6,1968,1992,1920,3,4,1,487,2006,IR1,Inside,170000
1356,9477,5,5,1966,1966,892,1,3,1,264,2008,Reg,Corner,110000
1357,12537,5,6,1971,2008,1078,1,3,1,500,2010,IR1,CulDSac,149900
1358,2117,6,5,2000,2000,1573,2,3,1,440,2010,Reg,Inside,177500
1359,16737,9,5,2004,2005,1980,2,3,1,770,2006,Reg,FR3,315000
1360,9842,5,6,1921,1998,2601,3,4,1,621,2008,Reg,Inside,189000
1361,16158,7,5,2005,2005,1530,2,3,1,430,2009,IR1,Inside,260000
1362,12513,4,4,1920,2007,1738,2,4,1,368,2009,IR1,FR2,104900
1363,8499,6,5,2006,2007,1412,2,3,1,432,2007,IR1,Inside,156932
1364,3180,7,5,2005,2005,1200,2,2,1,480,2006,Reg,Inside,144152
1365,7500,7,5,2000,2000,1674,2,3,1,663,2010,Reg,Inside,216000
1366,9179,7,5,1999,1999,1790,2,3,1,588,2008,IR1,Inside,193000
1367,2665,5,6,1977,1977,1475,2,4,1,336,2006,Reg,Inside,127000
1368,4435,6,5,2003,2004,848,1,1,1,420,2009,Reg,Inside,144000
1369,10635,8,5,2003,2003,1668,2,3,1,502,2010,IR2,FR2,232000
1370,5400,4,6,1920,1950,1374,1,2,1,338,2009,Reg,Corner,105000
1371,9600,6,6,1955,1996,1661,1,3,1,377,2008,Reg,Inside,165500
1372,9750,7,6,1998,1998,2097,2,3,1,583,2006,Reg,Corner,274300
1373,11400,10,5,2001,2002,2633,2,2,1,804,2007,Reg,Inside,466500
1374,10625,7,5,2005,2005,1958,2,3,1,936,2008,Reg,Inside,250000
1375,10991,8,5,2007,2007,1571,2,3,1,722,2007,IR1,Inside,239000
1376,6292,6,5,1930,1950,790,1,2,1,160,2008,Reg,Inside,91000
1377,10998,5,5,1941,1960,1604,2,3,1,660,2009,Reg,Inside,117000
1378,1953,6,5,1973,1973,987,1,2,1,264,2006,Reg,Inside,83000
1379,9735,5,5,2006,2007,1394,2,3,1,400,2008,Reg,Inside,167500
1380,8212,3,3,1914,1950,864,1,2,1,200,2010,Reg,Inside,58500
1381,12925,6,7,1970,1970,2117,2,4,1,550,2008,IR1,Corner,237500
1382,7200,7,7,1920,1950,1762,1,4,1,576,2006,Reg,Corner,157000
1383,25339,5,7,1918,2007,1416,2,3,1,576,2007,Reg,Inside,112000
1384,9060,6,5,1939,1950,1258,1,2,1,280,2009,Reg,Inside,105000
1385,5436,4,8,1922,2007,1154,1,3,1,240,2010,Reg,Inside,125500
1386,16692,7,5,1978,1978,2784,3,5,1,564,2006,IR1,Inside,250000
1387,8520,6,7,1916,1950,2526,2,5,1,216,2007,Reg,Inside,136000
1388,14892,9,5,2006,2007,1746,2,3,1,758,2009,IR1,CulDSac,377500
1389,6000,6,6,1941,1950,1218,1,3,1,440,2007,Reg,Inside,131000
1390,9100,7,5,2000,2000,1525,2,3,1,541,2006,Reg,Inside,235000
1391,8944,5,5,1967,1967,1584,2,4,2,792,2009,Reg,Inside,124000
1392,7838,5,5,1967,1967,900,1,3,1,288,2006,Reg,Inside,123000
1393,10800,6,7,1905,2000,1912,2,3,2,672,2008,Reg,Inside,163000
1394,4045,7,5,2006,2006,1500,2,2,1,648,2006,Reg,Inside,246578
1395,12665,8,5,2005,2006,2482,2,4,1,642,2007,IR1,Inside,281213
1396,57200,5,5,1948,1950,1687,1,3,1,572,2010,IR1,Inside,160000
1397,6120,5,8,1920,2004,1513,1,4,1,180,2007,Reg,Inside,137500
1398,7200,5,4,1950,1982,1904,1,3,1,240,2009,Reg,Inside,138000
1399,6171,6,6,1925,1990,1608,2,3,1,216,2009,Reg,Inside,137450
1400,6000,6,7,1929,1950,1158,1,3,1,208,2008,Reg,Corner,120000
1401,7415,6,5,2004,2004,1593,2,3,1,398,2008,IR1,Inside,193000
1402,6762,7,5,2006,2006,1294,2,2,1,662,2006,Reg,Inside,193879
1403,15256,8,5,2007,2007,1464,2,3,1,754,2007,IR1,CulDSac,282922
1404,10410,3,4,1915,1950,1214,1,3,1,936,2006,Reg,Corner,105000
1405,3842,8,5,2004,2005,1646,2,2,1,482,2008,IR1,Inside,275000
1406,8445,5,7,1972,2007,768,1,2,1,396,2009,Reg,Corner,133000
1407,8780,5,5,1985,1985,833,1,3,1,0,2009,IR1,Corner,112000
1408,7740,4,7,1910,1950,1363,1,3,1,528,2010,Reg,Inside,125500
1409,20544,7,6,1986,1991,2093,2,3,1,542,2008,IR1,CulDSac,215000
1410,12420,7,5,2001,2001,1840,2,3,1,622,2009,Reg,Inside,230000
1411,9600,6,8,1950,2005,1668,1,3,1,271,2009,Reg,Inside,140000
1412,7200,4,5,1949,1950,1040,2,2,2,420,2009,Reg,Inside,90000
1413,10994,8,5,2005,2006,1844,2,2,1,620,2009,IR1,Corner,257000
1414,13053,6,7,1923,2000,1848,1,4,1,370,2008,Reg,Inside,207000
1415,3635,7,5,2007,2007,1569,2,1,1,660,2009,Reg,Inside,175900
1416,11340,4,6,1885,1950,2290,2,4,2,560,2010,Reg,Inside,122500
1417,16545,8,5,1998,1998,2450,2,3,1,1069,2009,IR1,Inside,340000
1418,9204,5,5,1963,1963,1144,1,3,1,336,2008,Reg,Inside,124000
1419,16381,6,5,1969,1969,1844,2,3,1,540,2006,IR1,Inside,223000
1420,11700,6,6,1968,1968,1416,2,3,1,776,2006,Reg,Corner,179900
1421,4043,6,5,1977,1977,1069,2,2,1,440,2010,Reg,Inside,127500
1422,4435,6,5,2003,2003,848,1,1,1,420,2008,Reg,Inside,136500
1423,19690,6,7,1966,1966,2201,2,4,1,432,2006,IR1,CulDSac,274970
1424,9503,5,5,1958,1983,1344,1,2,1,484,2007,Reg,Inside,144000
1425,10721,6,6,1959,1959,1252,1,3,1,528,2008,IR1,Inside,142000
1426,10944,7,5,1994,1994,2127,2,3,1,525,2008,IR1,Inside,271000
1427,10930,5,6,1945,1950,1558,1,3,1,288,2008,Reg,Inside,140000
1428,7200,5,7,1940,1992,804,1,2,1,240,2010,Reg,Corner,119000
1429,12546,6,7,1981,1981,1440,2,3,1,467,2007,IR1,Corner,182900
1430,21930,5,5,2005,2005,1838,2,4,1,372,2006,IR3,Inside,192140
1431,4928,6,6,1976,1976,958,2,2,1,440,2009,IR1,Inside,143750
1432,10800,4,6,1927,2007,968,2,4,1,216,2007,Reg,Inside,64500
1433,10261,6,5,2000,2000,1792,2,3,1,451,2008,IR1,Inside,186500
1434,17400,5,5,1977,1977,1126,2,3,1,484,2006,Reg,Inside,160000
1435,8400,6,9,1962,2005,1537,1,3,1,462,2008,Reg,Inside,174000
1436,9000,4,6,1971,1971,864,1,3,1,528,2007,Reg,FR2,120500
1437,12444,8,5,2008,2008,1932,2,2,1,774,2008,Reg,FR2,394617
1438,7407,6,7,1957,1996,1236,1,2,1,923,2010,Reg,Inside,149700
1439,11584,7,6,1979,1979,1725,2,3,1,550,2007,Reg,Inside,197000
1440,11526,6,7,1922,1994,2555,2,3,1,672,2008,IR1,Inside,191000
1441,4426,6,5,2004,2004,848,1,1,1,420,2008,Reg,Inside,149300
1442,11003,10,5,2008,2008,2007,2,3,1,812,2009,Reg,Inside,310000
1443,8854,6,6,1916,1950,952,1,2,1,192,2009,Reg,Inside,121000
1444,8500,7,5,2004,2004,1422,2,3,1,626,2007,Reg,FR2,179600
1445,8400,6,5,1966,1966,913,1,3,1,240,2007,Reg,Inside,129000
1446,26142,5,7,1962,1962,1188,1,3,1,312,2010,IR1,CulDSac,157900
1447,10000,8,5,1995,1996,2090,2,3,1,556,2007,Reg,Inside,240000
1448,11767,4,7,1910,2000,1346,1,2,1,384,2007,Reg,Inside,112000
1449,1533,5,7,1970,1970,630,1,1,1,0,2006,Reg,Inside,92000
1450,9000,5,5,1974,1974,1792,2,4,2,0,2009,Reg,FR2,136000
1451,9262,8,5,2008,2009,1578,2,3,1,840,2009,Reg,Inside,287090
1452,3675,5,5,2005,2005,1072,1,2,1,525,2006,Reg,Inside,145000
1453,17217,5,5,2006,2006,1140,1,3,1,0,2006,Reg,Inside,84500
1454,7500,7,5,2004,2005,1221,2,2,1,400,2009,Reg,Inside,185000
1455,7917,6,5,1999,2000,1647,2,3,1,460,2007,Reg,Inside,175000
1456,13175,6,6,1978,1988,2073,2,3,1,500,2010,Reg,Inside,210000
1457,9042,7,9,1941,2006,2340,2,4,1,252,2010,Reg,Inside,266500
1458,9717,5,6,1950,1996,1078,1,2,1,240,2010,Reg,Inside,142125
1459,9937,5,6,1965,1965,1256,1,3,1,276,2008,Reg,Inside,147500
